Year|Sex|Category|Name|Birthdate|BirthPlace|County|BirthPlaceNow|Coords
1901|M|chemistry|Jacobus Henricus van't Hoff|30 August 1852|Rotterdam|the Netherlands|Rotterdam, the Netherlands|51.9244201,4.4777326
1901|M|literature|Sully Prudhomme|16 March 1839|Paris|France|Paris, France|48.856614,2.3522219
1901|M|medicine|Emil Adolf von Behring|15 March 1854|Hansdorf|Prussia|Jankowa Żagańska, Poland|51.5786336,15.1723382
1901|M|peace|Frédéric Passy|20 May 1822|Paris|France|Paris, France|51.5786336,15.1723382
1901|M|peace|Jean Henry Dunant|8 May 1828|Geneva|Switzerland|Geneva, Switzerland|46.2043907,6.1431577
1901|M|physics|Wilhelm Conrad Röntgen|27 March 1845|Lennep|Prussia|Remscheid, Germany|51.1787418,7.1896963
1902|M|chemistry|Hermann Emil Fischer|9 October 1852|Euskirchen|Prussia|Euskirchen, Germany|50.6574392,6.7899945
1902|M|literature|Christian Matthias Theodor Mommsen|30 November 1817|Garding|Schleswig|Garding, Germany|54.3295187,8.7865482
1902|M|medicine|Ronald Ross|13 May 1857|Almora|India|Almora, India|29.5892407,79.646666
1902|M|peace|Charles Albert Gobat|21 May 1843|Tramelan|Switzerland|Tramelan, Switzerland|47.2235029,7.102975
1902|M|peace|Élie Ducommun|19 February 1833|Geneva|Switzerland|Geneva, Switzerland|47.2235029,7.102975
1902|M|physics|Hendrik Antoon Lorentz|18 July 1853|Arnhem|the Netherlands|Arnhem, the Netherlands|51.9851034,5.8987296
1902|M|physics|Pieter Zeeman|25 May 1865|Zonnemaire|the Netherlands|Zonnemaire, the Netherlands|51.7130521,3.9518196
1903|M|chemistry|Svante August Arrhenius|19 February 1859|Vik|Sweden|Vik, Sweden|55.6144259,14.2851622
1903|M|literature|Bjøjrnstjerne Martinus Bjørnson|8 December 1832|Kvikne|Norway|Kvikne, Norway|62.5822116,10.2872981
1903|M|medicine|Niels Ryberg Finsen|15 December 1860|Thorshavn|Faroe Islands|Thorshavn, Faroe Islands|62.007864,-6.7909817
1903|M|peace|William Randal Cremer|18 March 1828|Fareham|United Kingdom|Fareham, United Kingdom|50.8548464,-1.1865868
1903|M|physics|Antoine Henri Becquerel|15 December 1852|Paris|France|Paris, France|50.8548464,-1.1865868
1903|F|physics|Marie Curie, née Sklodowska|7 November 1867|Warsaw|Russian Empire|Warsaw, Poland|52.2296756,21.0122287
1903|M|physics|Pierre Curie|15 May 1859|Paris|France|Paris, France|52.2296756,21.0122287
1904|M|chemistry|Sir William Ramsay|2 October 1852|Glasgow|Scotland|Glasgow, Scotland|55.864237,-4.251806
1904|M|literature|Frédéric Mistral|8 September 1830|Maillane|France|Maillane, France|43.832349,4.782098
1904|M|literature|José Echegaray y Eizaguirre|19 April 1832|Madrid|Spain|Madrid, Spain|40.4167754,-3.7037902
1904|M|medicine|Ivan Petrovich Pavlov|14 September 1849|Ryazan|Russia|Ryazan, Russia|54.6095418,39.7125857
1904|NA|peace|Institut de droit international (Institute of International Law)|1873 in Ghent||Belgium|, Belgium|50.503887,4.469936
1904|M|physics|Lord Rayleigh (John William Strutt)|12 November 1842|Langford Grove Maldon Essex|United Kingdom|Langford Grove Maldon Essex, United Kingdom|51.7597899,0.6704065
1905|M|chemistry|Johann Friedrich Wilhelm Adolf von Baeyer|31 October 1835|Berlin|Prussia|Berlin, Germany|52.5200066,13.404954
1905|M|literature|Henryk Sienkiewicz|5 May 1846|Wola Okrzejska|Poland|Wola Okrzejska, Poland|51.7494805,22.1336435
1905|M|medicine|Robert Koch|11 December 1843|Clausthal|Germany|Clausthal-Zellerfeld, Germany|51.8080063,10.3407069
1905|F|peace|Baroness Bertha Sophie Felicita von Suttner, née Countess Kinsky von Chinic und Tettau|9 June 1843|Prague|Austrian Empire|Prague, Czech Republic|50.0755381,14.4378005
1905|M|physics|Philipp Eduard Anton von Lenard|7 June 1862|Pressburg|Hungary|Bratislava, Slovakia|48.1485965,17.1077478
1906|M|chemistry|Henri Moissan|28 September 1852|Paris|France|Paris, France|48.1485965,17.1077478
1906|M|literature|Giosuč Carducci|27 July 1835|Val di Castello|Tuscany|Val di Castello, Italy|43.2423636,10.9678668
1906|M|medicine|Camillo Golgi|7 July 1843|Corteno|Italy|Corteno, Italy|46.1652608,10.2365387
1906|M|medicine|Santiago Ramón y Cajal|1 May 1852|Petilla de Aragó|Spain|Petilla de Aragó, Spain|42.4614395,-1.0924468
1906|M|peace|Theodore Roosevelt|27 October 1858|New York NY|USA|New York NY, USA|40.7127753,-74.0059728
1906|M|physics|Joseph John Thomson|18 December 1856|Cheetham Hill near Manchester|United Kingdom|Cheetham Hill near Manchester, United Kingdom|53.5021101,-2.2368975
1907|M|chemistry|Eduard Buchner|20 May 1860|Munich|Bavaria|Munich, Germany|48.1351253,11.5819805
1907|M|literature|Rudyard Kipling|30 December 1865|Bombay|British India|Bombay, British India|19.0759837,72.8776559
1907|M|medicine|Charles Louis Alphonse Laveran|18 June 1845|Paris|France|Paris, France|19.0759837,72.8776559
1907|M|peace|Ernesto Teodoro Moneta|20 September 1833|Milan|Austrian Empire|Milan, Italy|45.4642035,9.189982
1907|M|peace|Louis Renault|21 May 1843|Autun|France|Autun, France|46.950914,4.301565
1907|M|physics|Albert Abraham Michelson|19 December 1852|Strelno|Prussia|Strzelno, Poland|52.62772,18.1726601
1908|M|chemistry|Ernest Rutherford|31 August 1871|Nelson|New Zealand|Nelson, New Zealand|-41.2706319,173.2839653
1908|M|literature|Rudolf Christoph Eucken|5 January 1846|Aurich|East Friesland|Aurich, Germany|53.4708393,7.4848308
1908|M|medicine|Ilya Ilyich Mechnikov|16 May 1845|Kharkov|Russian Empire|Kharkiv, Ukraine|49.9935,36.230383
1908|M|medicine|Paul Ehrlich|14 March 1854|Strehlen|Prussia|Strzelin, Poland|50.7812167,17.0646124
1908|M|peace|Fredrik Bajer|21 April 1837|Næstved|Denmark|Næsstved, Denmark|NOK[ZERO_RESULTS]
1908|M|peace|Klas Pontus Arnoldson|27 October 1844|Gothenburg|Sweden|Gothenburg, Sweden|57.70887,11.97456
1908|M|physics|Gabriel Lippmann|16 August 1845|Hollerich|Luxembourg|Hollerich, Luxembourg|49.6040705,6.1121429
1909|M|chemistry|Wilhelm Ostwald|2 September 1853|Riga Latvia|Russian Empire|Riga Latvia, Russian Empire|56.9496487,24.1051865
1909|F|literature|Selma Ottilia Lovisa Lagerlöf|20 November 1858|Mĺrbacka|Sweden|Mĺrbacka, Sweden|NOK[ZERO_RESULTS]
1909|M|medicine|Emil Theodor Kocher|25 August 1841|Berne|Switzerland|Berne, Switzerland|46.9479739,7.4474468
1909|M|peace|Auguste Marie François Beernaert|26 July 1829|Ostend|Belgium|Ostend, Belgium|51.21543,2.928656
1909|M|physics|Guglielmo Marconi|25 April 1874|Bologna|Italy|Bologna, Italy|44.494887,11.3426162
1909|M|physics|Karl Ferdinand Braun|6 June 1850|Fulda|Hesse-Kassel|Fulda, Germany|50.5558095,9.6808449
1910|M|chemistry|Otto Wallach|27 March 1847|Koenigsberg|Germany|Kaliningrad, Russia|54.7104264,20.4522144
1910|M|literature|Paul Johann Ludwig Heyse|15 March 1830|Berlin|Prussia|Berlin, Germany|54.7104264,20.4522144
1910|M|medicine|Albrecht Kossel|16 September 1853|Rostock|Mecklenburg|Rostock, Germany|54.0924406,12.0991466
1910|NA|peace|Bureau international permanent de la Paix (Permanent International Peace Bureau)|1891 in Berne||Switzerland|, Switzerland|46.818188,8.227512
1910|M|physics|Johannes Diderik van der Waals|23 November 1837|Leiden|the Netherlands|Leiden, the Netherlands|52.1601144,4.4970097
1911|F|chemistry|Marie Curie, née Sklodowska|7 November 1867|Warsaw|Russian Empire|Warsaw, Poland|52.1601144,4.4970097
1911|M|literature|Count Maurice (Mooris) Polidore Marie Bernhard Maeterlinck|29 August 1862|Ghent|Belgium|Ghent, Belgium|51.0543422,3.7174243
1911|M|medicine|Allvar Gullstrand|5 June 1862|Landskrona|Sweden|Landskrona, Sweden|55.8703477,12.8300802
1911|M|peace|Alfred Hermann Fried|11 November 1864|Vienna|Austria|Vienna, Austria|48.2081743,16.3738189
1911|M|peace|Tobias Michael Carel Asser|28 April 1838|Amsterdam|the Netherlands|Amsterdam, the Netherlands|52.3702157,4.8951679
1911|M|physics|Wilhelm Wien|13 January 1864|Gaffken|Prussia|Parusnoye, Russia|48.325695,142.147781
1912|M|chemistry|Paul Sabatier|5 November 1854|Carcassonne|France|Carcassonne, France|43.212161,2.353663
1912|M|chemistry|Victor Grignard|6 May 1871|Cherbourg|France|Cherbourg, France|49.6337308,-1.622137
1912|M|literature|Gerhart Johann Robert Hauptmann|15 November 1862|Bad Salzbrunn|Prussia|Bad Salzbrunn, Germany|NOK[ZERO_RESULTS]
1912|M|medicine|Alexis Carrel|28 June 1873|Sainte-Foy-lčs-Lyon|France|Sainte-Foy-lčs-Lyon, France|45.7310652,4.8058909
1912|M|peace|Elihu Root|15 February 1845|Clinton NY|USA|Clinton NY, USA|43.0484029,-75.3785034
1912|M|physics|Nils Gustaf Dalén|30 November 1869|Stenstorp|Sweden|Stenstorp, Sweden|58.2740016,13.7142087
1913|M|chemistry|Alfred Werner|12 December 1866|Mulhouse|France|Mulhouse, France|47.750839,7.335888
1913|M|literature|Rabindranath Tagore|7 May 1861|Calcutta|India|Calcutta, India|22.572646,88.363895
1913|M|medicine|Charles Robert Richet|26 August 1850|Paris|France|Paris, France|22.572646,88.363895
1913|M|peace|Henri La Fontaine|22 April 1854|Brussels|Belgium|Brussels, Belgium|50.8503463,4.3517211
1913|M|physics|Heike Kamerlingh Onnes|21 September 1853|Groningen|the Netherlands|Groningen, the Netherlands|53.2193835,6.5665017
1914|M|chemistry|Theodore William Richards|31 January 1868|Germantown PA|USA|Germantown PA, USA|40.028521,-75.1749671
1914|M|medicine|Robert Bárány|22 April 1876|Vienna|Austria|Vienna, Austria|40.028521,-75.1749671
1914|M|physics|Max von Laue|9 October 1879|Pfaffendorf|Germany|Pfaffendorf, Germany|50.911275,14.0748638
1915|M|chemistry|Richard Martin Willstätter|13 August 1872|Karlsruhe|Germany|Karlsruhe, Germany|49.0068901,8.4036527
1915|M|literature|Romain Rolland|29 January 1866|Clamecy|France|Clamecy, France|47.459605,3.518769
1915|M|physics|Sir William Henry Bragg|2 July 1862|Wigton|United Kingdom|Wigton, United Kingdom|54.825544,-3.161231
1915|M|physics|William Lawrence Bragg|31 March 1890|Adelaide|Australia|Adelaide, Australia|-34.9284989,138.6007456
1916|M|literature|Carl Gustaf Verner von Heidenstam|6 July 1859|Olshammar|Sweden|Olshammar, Sweden|58.7536282,14.7980293
1917|M|literature|Henrik Pontoppidan|24 July 1857|Fredericia|Denmark|Fredericia, Denmark|55.5689298,9.749517
1917|M|literature|Karl Adolph Gjellerup|2 June 1857|Roholte|Denmark|Roholte, Denmark|55.194519,12.089752
1917|NA|peace|Comité international de la Croix Rouge (International Committee of the Red Cross)|1863 in Geneva||Switzerland|, Switzerland|55.194519,12.089752
1917|M|physics|Charles Glover Barkla|7 June 1877|Widnes|United Kingdom|Widnes, United Kingdom|53.361024,-2.733637
1918|M|chemistry|Fritz Haber|9 December 1868|Breslau|Prussia|Wroclaw, Poland|51.1078852,17.0385376
1918|M|physics|Max Karl Ernst Ludwig Planck|23 April 1858|Kiel|Schleswig|Kiel, Germany|54.3232927,10.1227651
1919|M|literature|Carl Friedrich Georg Spitteler|24 April 1845|Liestal|Switzerland|Liestal, Switzerland|47.4866143,7.7334272
1919|M|medicine|Jules Bordet|13 June 1870|Soignies|Belgium|Soignies, Belgium|50.5764245,4.0706869
1919|M|peace|Thomas Woodrow Wilson|28 December 1856|Staunton VA|USA|Staunton VA, USA|38.149576,-79.0716958
1919|M|physics|Johannes Stark|15 April 1874|Schickenhof|Germany|Schickenhof, Germany|49.4558488,11.0874083
1920|M|chemistry|Walther Hermann Nernst|25 June 1864|Briesen|Prussia|Briesen, Germany|52.3401613,14.2767893
1920|M|literature|Knut Pedersen Hamsun|4 August 1895|Lom|Norway|Lom, Norway|61.6750129,8.4359014
1920|M|medicine|Schack August Steenberg Krogh|15 November 1874|Grenĺ|Denmark|Grenĺ, Denmark|NOK[ZERO_RESULTS]
1920|M|peace|Léon Victor Auguste Bourgeois|21 May 1851|Paris|France|Paris, France|NOK[ZERO_RESULTS]
1920|M|physics|Charles Edouard Guillaume|15 February 1861|Fleurier|Switzerland|Fleurier, Switzerland|46.9023107,6.5808426
1921|M|chemistry|Frederick Soddy|2 September 1877|Eastbourne|United Kingdom|Eastbourne, United Kingdom|50.768035,0.290472
1921|M|literature|Anatole France|16 April 1844|Paris|France|Paris, France|50.768035,0.290472
1921|M|peace|Christian Lous Lange|17 September 1869|Stavanger|Norway|Stavanger, Norway|58.9699756,5.7331074
1921|M|peace|Karl Hjalmar Branting|23 November 1860|Stockholm|Sweden|Stockholm, Sweden|59.3293235,18.0685808
1921|M|physics|Albert Einstein|14 March 1879|Ulm|Germany|Ulm, Germany|48.4010822,9.9876076
1922|M|chemistry|Francis William Aston|1 September 1877|Harborne|United Kingdom|Harborne, United Kingdom|52.4597094,-1.961668
1922|M|literature|Jacinto Benavente|12 August 1866|Madrid|Spain|Madrid, Spain|52.4597094,-1.961668
1922|M|medicine|Archibald Vivian Hill|26 September 1886|Bristol|United Kingdom|Bristol, United Kingdom|51.454513,-2.58791
1922|M|medicine|Otto Fritz Meyerhof|12 April 1884|Hanover|Germany|Hanover, Germany|52.3758916,9.7320104
1922|M|peace|Fridtjof Nansen|10 October 1861|Kristiania|Norway|Oslo, Norway|59.9138688,10.7522454
1922|M|physics|Niels Henrik David Bohr|7 October 1885|Copenhagen|Denmark|Copenhagen, Denmark|55.6760968,12.5683372
1923|M|chemistry|Fritz Pregl|3 September 1869|Laibach|Austria-Hungary|Ljubljana, Slovenia|46.0569465,14.5057515
1923|M|literature|William Butler Yeats|13 June 1865|Dublin|Ireland|Dublin, Ireland|53.3498053,-6.2603097
1923|M|medicine|Frederick Grant Banting|14 November 1891|Alliston|Canada|Alliston, Canada|44.1539514,-79.8691544
1923|M|medicine|John James Rickard Macleod|6 September 1876|Cluny|Scotland|Cluny, Scotland|57.204922,-2.5173009
1923|M|physics|Robert Andrews Millikan|22 March 1868|Morrison IL|USA|Morrison IL, USA|41.809751,-89.9651186
1924|M|literature|Wladyslaw Stanislaw Reymont|7 May 1867|Kobiele Wielkie|Russian Empire|Kobiele Wielkie, Poland|51.0183369,19.6116419
1924|M|medicine|Willem Einthoven|21 May 1860|Semarang Java|Dutch East Indies|Semarang Java, Indonesia|-7.0051453,110.4381254
1924|M|physics|Karl Manne Georg Siegbahn|3 December 1886|Lund|Sweden|Lund, Sweden|55.7046601,13.1910073
1925|M|chemistry|Richard Adolf Zsigmondy|1 April 1865|Vienna|Austrian Empire|Vienna, Austria|55.7046601,13.1910073
1925|M|literature|George Bernard Shaw|26 July 1856|Dublin|Ireland|Dublin, Ireland|55.7046601,13.1910073
1925|M|peace|Charles Gates Dawes|27 August 1865|Marietta OH|USA|Marietta OH, USA|39.415352,-81.4548436
1925|M|peace|Sir Austen Chamberlain|16 October 1863|Birmingham|United Kingdom|Birmingham, United Kingdom|52.486243,-1.890401
1925|M|physics|Gustav Ludwig Hertz|22 July 1887|Hamburg|Germany|Hamburg, Germany|53.5510846,9.9936819
1925|M|physics|James Franck|26 August 1882|Hamburg|Germany|Hamburg, Germany|53.5510846,9.9936819
1926|M|chemistry|The (Theodor) Svedberg|30 August 1884|Fleräng|Sweden|Fleräng, Sweden|NOK[ZERO_RESULTS]
1926|F|literature|Grazia Deledda|27 September 1871|Nuoro Sardinia|Italy|Nuoro Sardinia, Italy|40.3202421,9.3264377
1926|M|medicine|Johannes Andreas Grib Fibiger|23 April 1867|Silkeborg|Denmark|Silkeborg, Denmark|56.176362,9.5549217
1926|M|peace|Aristide Briand|28 March 1862|Nantes|France|Nantes, France|47.218371,-1.553621
1926|M|peace|Gustav Stresemann|10 May 1878|Berlin|Germany|Berlin, Germany|47.218371,-1.553621
1926|M|physics|Jean Baptiste Perrin|30 September 1870|Lille|France|Lille, France|50.62925,3.057256
1927|M|chemistry|Heinrich Otto Wieland|4 June 1877|Pforzheim|Germany|Pforzheim, Germany|48.8921862,8.6946286
1927|M|literature|Henri Bergson|18 October 1859|Paris|France|Paris, France|48.8921862,8.6946286
1927|M|medicine|Julius Wagner-Jauregg|7 March 1857|Wels|Austria|Wels, Austria|48.16542,14.03664
1927|M|peace|Ferdinand Buisson|20 December 1841|Paris|France|Paris, France|48.16542,14.03664
1927|M|peace|Ludwig Quidde|23 March 1858|Bremen|Germany|Bremen, Germany|53.0792962,8.8016936
1927|M|physics|Arthur Holly Compton|10 September 1892|Wooster OH|USA|Wooster OH, USA|40.8050565,-81.935143
1927|M|physics|Charles Thomson Rees Wilson|14 February 1869|Glencorse|Scotland|Glencorse, Scotland|55.8619946,-3.2526271
1928|M|chemistry|Adolf Otto Reinhold Windaus|25 December 1876|Berlin|Germany|Berlin, Germany|55.8619946,-3.2526271
1928|M|literature|Sigrid Undset|20 May 1882|Kalundborg|Denmark|Kalundborg, Denmark|55.686429,11.089188
1928|M|medicine|Charles Jules Henri Nicolle|21 September 1866|Rouen|France|Rouen, France|49.443232,1.099971
1928|M|physics|Owen Willans Richardson|26 April 1879|Dewsbury|United Kingdom|Dewsbury, United Kingdom|53.689833,-1.6296949
1929|M|chemistry|Arthur Harden|12 October 1865|Manchester|United Kingdom|Manchester, United Kingdom|53.4807593,-2.2426305
1929|M|chemistry|Hans Karl August Simon von Euler-Chelpin|15 February 1873|Augsburg|Germany|Augsburg, Germany|48.3705449,10.89779
1929|M|literature|Thomas Mann|6 June 1875|Lübeck|Germany|Lübeck, Germany|53.8654673,10.6865593
1929|M|medicine|Christiaan Eijkman|11 August 1858|Nijkerk|the Netherlands|Nijkerk, the Netherlands|52.2224835,5.4835625
1929|M|medicine|Sir Frederick Gowland Hopkins|20 June 1861|Eastbourne|United Kingdom|Eastbourne, United Kingdom|52.2224835,5.4835625
1929|M|peace|Frank Billings Kellogg|22 December 1856|Potsdam NY|USA|Potsdam NY, USA|44.6697805,-74.9813084
1929|M|physics|Prince Louis-Victor Pierre Raymond de Broglie|15 August 1892|Dieppe|France|Dieppe, France|49.922992,1.077483
1930|M|chemistry|Hans Fischer|27 July 1881|Hoechst|Germany|Hoechst, Germany|50.102482,8.5474571
1930|M|literature|Sinclair Lewis|7 February 1885|Sauk Centre MN|USA|Sauk Centre MN, USA|45.737465,-94.9525216
1930|M|medicine|Karl Landsteiner|14 June 1868|Vienna|Austrian Empire|Vienna, Austria|45.737465,-94.9525216
1930|M|peace|Lars Olof Jonathan (Nathan) Söderblom|15 January 1866|Trönö|Sweden|Trönö, Sweden|61.3965122,16.8336652
1930|M|physics|Sir Chandrasekhara Venkata Raman|7 November 1888|Trichinopoly|India|Trichinopoly, India|10.7904833,78.7046725
1931|M|chemistry|Carl Bosch|27 August 1874|Cologne|Germany|Cologne, Germany|50.937531,6.9602786
1931|M|chemistry|Friedrich Bergius|11 October 1884|Goldschmieden near Breslau|Germany|Złotniki, Poland|52.4932064,16.8448409
1931|M|literature|Erik Axel Karlfeldt|20 July 1864|Karlbo|Sweden|Karlbo, Sweden|60.1309558,16.2159444
1931|M|medicine|Otto Heinrich Warburg|8 October 1883|Freiburg im Breisgau|Germany|Freiburg im Breisgau, Germany|47.9990077,7.8421043
1931|F|peace|Jane Addams|6 September 1860|Cedarville IL|USA|Cedarville IL, USA|42.3758493,-89.6331727
1931|M|peace|Nicholas Murray Butler|2 April 1862|Elizabeth NJ|USA|Elizabeth NJ, USA|40.6639916,-74.2107006
1932|M|chemistry|Irving Langmuir|31 January 1881|Brooklyn NY|USA|Brooklyn NY, USA|40.6781784,-73.9441579
1932|M|literature|John Galsworthy|14 August 1867|Kingston Hill|United Kingdom|Kingston Hill, United Kingdom|51.43361,-0.257451
1932|M|medicine|Edgar Douglas Adrian|30 November 1889|London|United Kingdom|London, United Kingdom|51.5073509,-0.1277583
1932|M|medicine|Sir Charles Scott Sherrington|27 November 1857|London|United Kingdom|London, United Kingdom|51.5073509,-0.1277583
1932|M|physics|Werner Karl Heisenberg|5-Dec-01|Würzburg|Germany|Würzburg, Germany|49.7913044,9.9533548
1933|M|literature|Ivan Alekseyevich Bunin|22 October 1870|Voronezh|Russia|Voronezh, Russia|51.6754966,39.2088823
1933|M|medicine|Thomas Hunt Morgan|25 September 1866|Lexington KY|USA|Lexington KY, USA|38.0405837,-84.5037164
1933|M|peace|Sir Norman Angell (Ralph Lane)|26 December 1873|Holbeach|United Kingdom|Holbeach, United Kingdom|52.803991,0.013434
1933|M|physics|Erwin Schrödinger|12 August 1887|Vienna|Austria|Vienna, Austria|52.803991,0.013434
1933|M|physics|Paul Adrien Maurice Dirac|8-Aug-02|Bristol|United Kingdom|Bristol, United Kingdom|52.803991,0.013434
1934|M|chemistry|Harold Clayton Urey|29 April 1893|Walkerton IN|USA|Walkerton IN, USA|41.4667113,-86.4830681
1934|M|literature|Luigi Pirandello|28 June 1867|Agrigento Sicily|Italy|Agrigento Sicily, Italy|37.3094075,13.5859823
1934|M|medicine|George Hoyt Whipple|28 August 1878|Ashland NH|USA|Ashland NH, USA|43.695318,-71.6306318
1934|M|medicine|George Richards Minot|2 December 1885|Boston MA|USA|Boston MA, USA|42.3600825,-71.0588801
1934|M|medicine|William Parry Murphy|6 February 1892|Stoughton WI|USA|Stoughton WI, USA|42.9169462,-89.2178937
1934|M|peace|Arthur Henderson|13 September 1863|Glasgow|Scotland|Glasgow, Scotland|42.9169462,-89.2178937
1935|M|chemistry|Frédéric Joliot|2000/03/19|Paris|France|Paris, France|42.9169462,-89.2178937
1935|F|chemistry|Iréne Joliot-Curie|12 September 1897|Paris|France|Paris, France|42.9169462,-89.2178937
1935|M|medicine|Hans Spemann|27 June 1869|Stuttgart|Württemberg|Stuttgart, Germany|48.7758459,9.1829321
1935|M|peace|Carl von Ossietzky|3 October 1889|Hamburg|Germany|Hamburg, Germany|48.7758459,9.1829321
1935|M|physics|James Chadwick|20 October 1891|Manchester|United Kingdom|Manchester, United Kingdom|48.7758459,9.1829321
1936|M|chemistry|Petrus (Peter) Josephus Wilhelmus Debye|24 March 1884|Maastricht|the Netherlands|Maastricht, the Netherlands|50.8513682,5.6909725
1936|M|literature|Eugene Gladstone O'Neill|16 October 1888|New York NY|USA|New York NY, USA|50.8513682,5.6909725
1936|M|medicine|Otto Loewi|3 June 1873|Frankfurt-on-the-Main|Germany|Frankfurt-on-the-Main, Germany|50.1109221,8.6821267
1936|M|medicine|Sir Henry Hallett Dale|9 June 1875|London|United Kingdom|London, United Kingdom|50.1109221,8.6821267
1936|M|peace|Carlos Saavedra Lamas|1 November 1878|Buenos Aires|Argentina|Buenos Aires, Argentina|-34.6036844,-58.3815591
1936|M|physics|Carl David Anderson|3-Sep-05|New York NY|USA|New York NY, USA|-34.6036844,-58.3815591
1936|M|physics|Victor Franz Hess|24 June 1883|Frauenfeld|Switzerland|Frauenfeld, Switzerland|47.5535997,8.8987541
1937|M|chemistry|Paul Karrer|21 April 1889|Moscow|Russia|Moscow, Russia|55.755826,37.6172999
1937|M|chemistry|Walter Norman Haworth|19 March 1883|Chorley|United Kingdom|Chorley, United Kingdom|53.653511,-2.632596
1937|M|literature|Roger Martin du Gard|23 March 1881|Neuilly-sur-Seine|France|Neuilly-sur-Seine, France|48.884831,2.26851
1937|M|medicine|Albert von Szent-Györgyi Nagyrápolt|16 September 1893|Budapest|Austria-Hungary|Budapest, Hungary|47.497912,19.040235
1937|M|peace|Cecil of Chelwood, Viscount (Lord Edgar Algernon Robert Gascoyne Cecil)|14 September 1864|London|United Kingdom|London, United Kingdom|47.497912,19.040235
1937|M|physics|Clinton Joseph Davisson|22 October 1881|Bloomington IL|USA|Bloomington IL, USA|40.4842027,-88.9936873
1937|M|physics|George Paget Thomson|3 May 1892|Cambridge|United Kingdom|Cambridge, United Kingdom|52.205337,0.121817
1938|M|chemistry|Richard Kuhn|3-Dec-00|Vienna|Austria-Hungary|Vienna, Austria-Hungary|48.210496,16.3631031
1938|F|literature|Pearl Buck|26 June 1892|Hillsboro WV|USA|Hillsboro WV, USA|38.1353972,-80.2131261
1938|M|medicine|Corneille Jean François Heymans|28 March 1892|Ghent|Belgium|Ghent, Belgium|38.1353972,-80.2131261
1938|NA|peace|Office international Nansen pour les Réfugiés (Nansen International Office for Refugees)|1921 in Geneva||Switzerland.| Switzerland|46.818188,8.227512
1938|M|physics|Enrico Fermi|29-Sep-01|Rome|Italy|Rome, Italy|41.9027835,12.4963655
1939|M|chemistry|Adolf Friedrich Johann Butenandt|2003/03/24|Bremerhaven-Lehe|Germany|Bremerhaven-Lehe, Germany|53.5745837,8.5985456
1939|M|chemistry|Leopold Ruzicka|13 September 1887|Vukovar|Austria-Hungary|Vukovar, Croatia|45.3452377,19.0010204
1939|M|literature|Frans Eemil Sillanpää|16 September 1888|Hämeenkyrö|Russian Empire|Hämeenkyrö, Finland|61.6383264,23.196349
1939|M|medicine|Gerhard Domagk|30 October 1895|Lagow|Germany|Lagow, Germany|51.1580895,15.043917
1939|M|physics|Ernest Orlando Lawrence|8-Aug-01|Canton SD|USA|Canton SD, USA|43.3008146,-96.5928198
1943|M|chemistry|George de Hevesy|1 August 1885|Budapest|Austria-Hungary|Budapest, Hungary|43.3008146,-96.5928198
1943|M|medicine|Edward Adelbert Doisy|13 November 1893|Hume IL|USA|Hume IL, USA|39.7967015,-87.8686414
1943|M|medicine|Henrik Carl Peter Dam|21 February 1895|Copenhagen|Denmark|Copenhagen, Denmark|39.7967015,-87.8686414
1943|M|physics|Otto Stern|17 February 1888|Sorau|Germany|Żory, Poland|50.0447236,18.7006401
1944|M|chemistry|Otto Hahn|8 March 1879|Frankfurt-on-the-Main|Germany|Frankfurt-on-the-Main, Germany|50.0447236,18.7006401
1944|M|literature|Johannes Vilhelm Jensen|20 January 1873|Farsř|Denmark|Farsř, Denmark|NOK[ZERO_RESULTS]
1944|M|medicine|Herbert Spencer Gasser|5 July 1888|Platteville WI|USA|Platteville WI, USA|42.73416,-90.4784621
1944|M|medicine|Joseph Erlanger|5 January 1874|San Francisco CA|USA|San Francisco CA, USA|37.7749295,-122.4194155
1944|NA|peace|Comité international de la Croix Rouge (International Committee of the Red Cross)|1863 in Geneva||Switzerland|, Switzerland|37.7749295,-122.4194155
1944|M|physics|Isidor Isaac Rabi|29 July 1898|Rymanow|Austria-Hungary|Rymanow, Poland|49.57642,21.86815
1945|M|chemistry|Artturi Ilmari Virtanen|15 January 1895|Helsinki|Russian Empire|Helsinki, Finland|60.1698557,24.9383791
1945|F|literature|Gabriela Mistral|7 April 1889|Vicuńa|Chile|Vicuńa, Chile|-30.0319,-70.7081
1945|M|medicine|Ernst Boris Chain|19-Jun-06|Berlin|Germany|Berlin, Germany|-30.0319,-70.7081
1945|M|medicine|Sir Alexander Fleming|6 August 1881|Lochfield|Scotland|Lochfield, Scotland|55.609843,-4.286513
1945|M|medicine|Sir Howard Walter Florey|24 September 1898|Adelaide|Australia|Adelaide, Australia|55.609843,-4.286513
1945|M|peace|Cordell Hull|2 October 1871|Olympus TN|USA|Olympus TN, USA|35.20559,-89.809929
1945|M|physics|Wolfgang Pauli|25-Apr-00|Vienna|Austria|Vienna, Austria|35.20559,-89.809929
1946|M|chemistry|James Batcheller Sumner|19 November 1887|Canton MA|USA|Canton MA, USA|42.1584324,-71.1447732
1946|M|chemistry|John Howard Northrop|5 July 1891|Yonkers NY|USA|Yonkers NY, USA|40.9312099,-73.8987469
1946|M|chemistry|Wendell Meredith Stanley|16-Aug-04|Ridgeville IN|USA|Ridgeville IN, USA|40.2892107,-85.028857
1946|M|literature|Hermann Hesse|2 July 1877|Calw|Germany|Calw, Germany|48.7122107,8.7472439
1946|M|medicine|Hermann Joseph Muller|1890|New York NY|USA|New York NY, USA|48.7122107,8.7472439
1946|F|peace|Emily Greene Balch|8 January 1867|Jamaica Plain MA|USA|Boston MA, USA|48.7122107,8.7472439
1946|M|peace|John Raleigh Mott|25 May 1865|Livingston Manor NY|USA|Livingston Manor NY, USA|41.9003667,-74.8282167
1946|M|physics|Percy Williams Bridgman|21 April 1882|Cambridge MA|USA|Cambridge MA, USA|42.3736158,-71.1097335
1947|M|chemistry|Sir Robert Robinson|13 September 1886|Rufford near Chesterfield|United Kingdom|Rufford near Chesterfield, United Kingdom|53.2286554,-1.4400147
1947|M|literature|André Paul Guillaume Gide|22 November 1869|Paris|France|Paris, France|53.2286554,-1.4400147
1947|M|medicine|Bernardo Alberto Houssay|10 April 1887|Buenos Aires|Argentina|Buenos Aires, Argentina|53.2286554,-1.4400147
1947|M|medicine|Carl Ferdinand Cori|5 December 1896|Prague|Austria-Hungary|Prague, Czech Republic|53.2286554,-1.4400147
1947|F|medicine|Gerty Theresa Cori, née Radnitz|15 August 1896|Prague|Austria-Hungary|Prague, Czech Republic|53.2286554,-1.4400147
1947|NA|peace|American Friends Service Committee (The Quakers)|1917 in Washington|DC|USA|DC, USA|38.929591,-77.0331936
1947|NA|peace|Friends Service Council (The Quakers)|1647 in London||United Kingdom|, United Kingdom|55.378051,-3.435973
1947|M|physics|Sir Edward Victor Appleton|6 September 1892|Bradford|United Kingdom|Bradford, United Kingdom|53.795984,-1.759398
1948|M|chemistry|Arne Wilhelm Kaurin Tiselius|10-Aug-02|Stockholm|Sweden|Stockholm, Sweden|53.795984,-1.759398
1948|M|literature|Thomas Stearns Eliot|26 September 1888|St. Louis MO|USA|St. Louis MO, USA|38.6270025,-90.1994042
1948|M|medicine|Paul Hermann Müller|12 January 1899|Olten|Switzerland|Olten, Switzerland|47.3499624,7.9037034
1948|M|physics|Patrick Maynard Stuart Blackett|18 November 1897|London|United Kingdom|London, United Kingdom|47.3499624,7.9037034
1949|M|chemistry|William Francis Giauque|12 May 1895|Niagara Falls|Canada|Niagara Falls, Canada|43.0895577,-79.0849436
1949|M|literature|William Faulkner|25 September 1897|New Albany MO|USA|New Albany MO, USA|38.2837371,-85.7491581
1949|M|medicine|Antonio Caetano de Abreu Freire Egas Moniz|29 November 1874|Avança|Portugal|Avança, Portugal|40.8068092,-8.5666077
1949|M|medicine|Walter Rudolf Hess|17 March 1881|Frauenfeld|Switzerland|Frauenfeld, Switzerland|40.8068092,-8.5666077
1949|M|peace|Lord (John) Boyd Orr of Brechin|23 September 1880|Kilmaurs|Scotland|Kilmaurs, Scotland|55.639161,-4.527757
1949|M|physics|Hideki Yukawa|23-Jan-07|Tokyo|Japan|Tokyo, Japan|35.6894875,139.6917064
1950|M|chemistry|Kurt Alder|10-Jul-02|Königshütte|Prussia|Chorzów, Poland|50.2974884,18.9545728
1950|M|chemistry|Otto Paul Hermann Diels|23 January 1876|Hamburg|Germany|Hamburg, Germany|50.2974884,18.9545728
1950|M|literature|Earl (Bertrand Arthur William) Russell|18 May 1872|Trelleck|United Kingdom|Trelleck, United Kingdom|51.741594,-2.724085
1950|M|medicine|Edward Calvin Kendall|8 March 1886|South Norwalk CT|USA|South Norwalk CT, USA|41.0937079,-73.4187303
1950|M|medicine|Philip Showalter Hench|28 February 1896|Pittsburgh PA|USA|Pittsburgh PA, USA|40.4406248,-79.9958864
1950|M|medicine|Tadeus Reichstein|20 July 1897|Wloclawek|Poland|Wloclawek, Poland|52.6483303,19.0677357
1950|M|peace|Ralph Bunche|7-Aug-04|Detroit MI|USA|Detroit MI, USA|42.331427,-83.0457538
1950|M|physics|Cecil Frank Powell|5-Dec-03|Tonbridge|United Kingdom|Tonbridge, United Kingdom|51.195043,0.27568
1951|M|chemistry|Edwin Mattison McMillan|18-Sep-07|Redondo Beach CA|USA|Redondo Beach CA, USA|33.8491816,-118.3884078
1951|M|chemistry|Glenn Theodore Seaborg|19-Apr-12|Ishpeming MI|USA|Ishpeming MI, USA|46.4885469,-87.6676358
1951|M|literature|Pär Fabian Lagerkvist|23 May 1891|Växjö|Sweden|Växjö, Sweden|56.8790044,14.8058523
1951|M|medicine|Max Theiler|30 January 1899|Pretoria|South Africa|Pretoria, South Africa|-25.7478676,28.2292712
1951|M|peace|Léon Jouhaux|1 July 1879|Paris|France|Paris, France|-25.7478676,28.2292712
1951|M|physics|Ernest Thomas Sinton Walton|6-Oct-03|Dungarvan|Ireland|Dungarvan, Ireland|52.0936763,-7.6203627
1951|M|physics|Sir John Douglas Cockcroft|27 May 1897|Todmorden|United Kingdom|Todmorden, United Kingdom|53.716344,-2.0987969
1952|M|chemistry|Archer John Porter Martin|2010/03/01|London|United Kingdom|London, United Kingdom|53.716344,-2.0987969
1952|M|chemistry|Richard Laurence Millington Synge|28-Oct-14|Liverpool|United Kingdom|Liverpool, United Kingdom|53.4083714,-2.9915726
1952|M|literature|François Mauriac|11 October 1885|Bordeaux|France|Bordeaux, France|44.837789,-0.57918
1952|M|medicine|Selman Abraham Waksman|22 July 1888|Priluka|Russian Empire|Pryluky, Ukraine|50.5884714,32.3875825
1952|M|peace|Albert Schweitzer|14 January 1875|Kaysersberg|Germany|Kaysersberg, France|48.13889,7.264023
1952|M|physics|Edward Mills Purcell|30-Aug-12|Taylorville IL|USA|Taylorville IL, USA|39.548935,-89.294533
1952|M|physics|Felix Bloch|23-Oct-05|Zurich|Switzerland|Zurich, Switzerland|47.3768866,8.541694
1953|M|chemistry|Hermann Staudinger|23 March 1881|Worms|Germany|Worms, Germany|49.6341372,8.3507182
1953|M|literature|Sir Winston Leonard Spencer Churchill|30 November 1874|Woodstock|United Kingdom|Woodstock, United Kingdom|51.847267,-1.354091
1953|M|medicine|Fritz Albert Lipmann|12 June 1899|Koenigsberg|Germany|Kaliningrad, Russia|51.847267,-1.354091
1953|M|medicine|Hans Adolf Krebs|25-Aug-00|Hildesheim|Germany|Hildesheim, Germany|52.154778,9.9579652
1953|M|peace|George Catlett Marshall|31 December 1880|Uniontown PA|USA|Uniontown PA, USA|39.900076,-79.7164326
1953|M|physics|Frits (Frederik) Zernike|16 July 1888|Amsterdam|the Netherlands|Amsterdam, the Netherlands|39.900076,-79.7164326
1954|M|chemistry|Linus Carl Pauling|28-Feb-01|Portland OR|USA|Portland OR, USA|45.5230622,-122.6764815
1954|M|literature|Ernest Miller Hemingway|21 July 1899|Oak Park IL|USA|Oak Park IL, USA|41.8850317,-87.7845025
1954|M|medicine|Frederick Chapman Robbins|25-Aug-16|Auburn AL|USA|Auburn AL, USA|32.6098566,-85.4807825
1954|M|medicine|John Franklin Enders|10 February 1897|West Hartford CT|USA|West Hartford CT, USA|41.7620842,-72.7420151
1954|M|medicine|Thomas Huckle Weller|15-Jun-15|Ann Arbor MI|USA|Ann Arbor MI, USA|42.2808256,-83.7430378
1954|NA|peace|Office of the United Nations High Commissioner for Refugees (UNHCR)|1951 in Geneva||Switzerland|, Switzerland|42.2808256,-83.7430378
1954|M|physics|Max Born|11 December 1882|Breslau|Germany|Wroclaw, Poland|42.2808256,-83.7430378
1954|M|physics|Walther Bothe|8 January 1891|Oranienburg|Germany|Oranienburg, Germany|52.7537284,13.2366809
1955|M|chemistry|Vincent du Vigneaud|18-May-01|Chicago IL|USA|Chicago IL, USA|41.8781136,-87.6297982
1955|M|literature|Halldór Kiljan Laxness|23-Apr-02|Reykjavik|Iceland|Reykjavik, Iceland|64.1265206,-21.8174392
1955|M|medicine|Axel Hugo Theodor Theorell|6-Jul-03|Linköping|Sweden|Linköping, Sweden|58.410807,15.6213728
1955|M|physics|Polykarp Kusch|26-Jan-11|Blankenburg|Germany|Blankenburg, Germany|51.8164261,10.9773091
1955|M|physics|Willis Eugene Lamb|12-Jul-13|Los Angeles CA|USA|Los Angeles CA, USA|34.0522342,-118.2436849
1956|M|chemistry|Nikolay Nikolaevich Semenov|3 April 1896|Saratov|Russia|Saratov, Russia|51.5923654,45.9608031
1956|M|chemistry|Sir Cyril Norman Hinshelwood|19 May 1897|London|United Kingdom|London, United Kingdom|51.5923654,45.9608031
1956|M|literature|Juan Ramón Jiménez|24 December 1881|Michelena|Venezuela|Michelena, Venezuela|7.9574344,-72.2452617
1956|M|medicine|André Frédéric Cournand|24 September 1895|Paris|France|Paris, France|7.9574344,-72.2452617
1956|M|medicine|Dickinson W. Richards|30 October 1895|Orange NJ|USA|Orange NJ, USA|40.7706187,-74.2326478
1956|M|medicine|Werner Forssmann|29-Aug-04|Berlin|Germany|Berlin, Germany|40.7706187,-74.2326478
1956|M|physics|John Bardeen|23-May-08|Madison WI|USA|Madison WI, USA|43.0730517,-89.4012302
1956|M|physics|Walter Houser Brattain|10-Feb-02|Amoy|China|Amoy, China|24.479833,118.089425
1956|M|physics|William Bradford Shockley|13-Feb-10|London|United Kingdom|London, United Kingdom|24.479833,118.089425
1957|M|chemistry|Lord (Alexander R.) Todd|2-Oct-07|Glasgow|Scotland|Glasgow, Scotland|24.479833,118.089425
1957|M|literature|Albert Camus|7-Nov-13|Mondovi|Algeria|Mondovi, Algeria|36.6923855,7.730807
1957|M|medicine|Daniel Bovet|2007/03/23|Neuchâtel|Switzerland|Neuchâtel, Switzerland|46.9899874,6.9292732
1957|M|peace|Lester Bowles Pearson|23 April 1897|Toronto|Canada|Toronto, Canada|43.653226,-79.3831843
1957|M|physics|Chen Ning Yang|22-Sep-22|Hofei Anhwei|China|Hofei Anhwei, China|31.820591,117.227219
1957|M|physics|Tsung-Dao (T.D.) Lee|24-Nov-26|Shanghai|China|Shanghai, China|31.2303904,121.4737021
1958|M|chemistry|Frederick Sanger|13-Aug-18|Rendcombe|United Kingdom|Rendcombe, United Kingdom|51.798937,-1.964228
1958|M|literature|Boris Leonidovich Pasternak|10 February 1890|Moscow|Russia|Moscow, Russia|51.798937,-1.964228
1958|M|medicine|Edward Lawrie Tatum|14-Dec-09|Boulder CO|USA|Boulder CO, USA|40.0149856,-105.2705456
1958|M|medicine|George Wells Beadle|22-Oct-03|Wahoo NE|USA|Wahoo NE, USA|41.2115023,-96.6212604
1958|M|medicine|Joshua Lederberg|23-May-25|Montclair NJ|USA|Montclair NJ, USA|40.8259007,-74.2090053
1958|M|peace|Georges Pire|10-Feb-10|Dinant|Belgium|Dinant, Belgium|50.260494,4.9127457
1958|M|physics|Igor Yevgenyevich Tamm|8 July 1895|Vladivostok|Russia|Vladivostok, Russia|43.1198091,131.8869243
1958|M|physics|Il´ja Mikhailovich Frank|1908|St Petersburg|Russia|St Petersburg, Russia|59.9342802,30.3350986
1958|M|physics|Pavel Alekseyevich Cherenkov|28-Jul-04|Novaya Chigla|Russia|Novaya Chigla, Russia|51.2221617,40.4794612
1959|M|chemistry|Jaroslav Heyrovsky|20 December 1890|Prague|Hungarian Empire|Prague, Czech Republic|51.2221617,40.4794612
1959|M|literature|Salvatore Quasimodo|20-Aug-01|Modica|Italy|Modica, Italy|36.8588355,14.7608152
1959|M|medicine|Arthur Kornberg|2018/03/03|Brooklyn NY|USA|Brooklyn NY, USA|36.8588355,14.7608152
1959|M|medicine|Severo Ochoa|24-Sep-05|Luarca|Spain|Luarca, Spain|43.5419932,-6.536124
1959|M|peace|Philip J. Noel-Baker|1 November 1889|London|United Kingdom|London, United Kingdom|43.5419932,-6.536124
1959|M|physics|Emilio Gino Segrč|1-Feb-05|Tivoli|Italy|Tivoli, Italy|41.959817,12.8022261
1959|M|physics|Owen Chamberlain|10-Jul-20|Birmingham|United Kingdom|Birmingham, United Kingdom|41.959817,12.8022261
1960|M|chemistry|Willard Frank Libby|17-Dec-08|Grand Valley CO|USA|Grand Valley CO, USA|39.0638705,-108.5506486
1960|M|literature|Saint-John Perse|31 May 1887|Saint-Léger-les-Feuilles|Guadeloupe Island|Saint-Léger-les-Feuilles, Guadeloupe Island|NOK[ZERO_RESULTS]
1960|M|medicine|Peter Brian Medawar|28-Feb-15|Rio de Janeiro|Brazil|Rio de Janeiro, Brazil|-22.9068467,-43.1728965
1960|M|medicine|Sir Frank Macfarlane Burnet|3 September 1899|Traralgon|Australia|Traralgon, Australia|-38.2033531,146.519786
1960|M|peace|Albert John Lutuli|0 1898|Bulawayo|Southern Rhodesia|Bulawayo, Zimbabwe|-20.1325066,28.626479
1960|M|physics|Donald Arthur Glaser|21-Sep-26|Cleveland OH|USA|Cleveland OH, USA|41.49932,-81.6943605
1961|M|chemistry|Melvin Calvin|8-Apr-11|St. Paul MN|USA|St. Paul MN, USA|44.9537029,-93.0899578
1961|M|literature|Ivo Andric|10 October 1892|Dolac|Bosnia|Dolac, Bosnia|44.0860686,17.9900999
1961|M|medicine|Georg von Békésy|3 June 1899|Budapest|Hungary|Budapest, Hungary|44.0860686,17.9900999
1961|M|peace|Dag Hjalmar Agne Carl Hammarskjöld|29-Jul-05|Jönköping|Sweden|Jönköping, Sweden|57.7826137,14.1617876
1961|M|physics|Robert Hofstadter|5-Feb-15|New York NY|USA|New York NY, USA|57.7826137,14.1617876
1961|M|physics|Rudolf Ludwig Mössbauer|31-Jan-29|Munich|Germany|Munich, Germany|57.7826137,14.1617876
1962|M|chemistry|John Cowdery Kendrew|2017/03/24|Oxford|United Kingdom|Oxford, United Kingdom|51.7520209,-1.2577263
1962|M|chemistry|Max Ferdinand Perutz|19-May-14|Vienna|Austria|Vienna, Austria|51.7520209,-1.2577263
1962|M|literature|John Steinbeck|27-Feb-02|Salinas CA|USA|Salinas CA, USA|36.6777372,-121.6555013
1962|M|medicine|Francis Harry Compton Crick|8-Jun-16|Northampton|United Kingdom|Northampton, United Kingdom|52.240477,-0.902656
1962|M|medicine|James Dewey Watson|6-Apr-28|Chicago IL|USA|Chicago IL, USA|52.240477,-0.902656
1962|M|medicine|Maurice Hugh Frederick Wilkins|15-Dec-16|Pongaroa|New Zealand|Pongaroa, New Zealand|-40.5414029,176.194649
1962|M|peace|Linus Carl Pauling|28-Feb-01|Portland OR|USA|Portland OR, USA|-40.5414029,176.194649
1962|M|physics|Lev Davidovich Landau|22-Jan-08|Baku|Russian Empire|Baku, Azerbaijan|40.4092617,49.8670924
1963|M|chemistry|Giulio Natta|26-Feb-03|Imperia|Italy|Imperia, Italy|43.8896857,8.039517
1963|M|chemistry|Karl Ziegler|26 November 1898|Helsa|Germany|Helsa, Germany|51.2573397,9.6863827
1963|M|literature|Giorgos Seferis|2000/03/13|Smyrna|Ottoman Empire|Izmir, Turkey|38.423734,27.142826
1963|M|medicine|Alan Lloyd Hodgkin|5-Feb-14|Banbury|United Kingdom|Banbury, United Kingdom|52.0629009,-1.339775
1963|M|medicine|Andrew Fielding Huxley|22-Nov-17|Hampstead|United Kingdom|Hampstead, United Kingdom|51.5556461,-0.1761749
1963|M|medicine|Sir John Carew Eccles|27-Jan-03|Melbourne|Australia|Melbourne, Australia|-37.8136276,144.9630576
1963|NA|peace|Comité international de la Croix Rouge (International Committee of the Red Cross)|1863 in Geneva||Switzerland|, Switzerland|-37.8136276,144.9630576
1963|NA|peace|Ligue des Sociétés de la Croix-Rouge (League of Red Cross Societies)|1919 in Paris||France|France|46.227638,2.213749
1963|M|physics|Eugene Paul Wigner|17-Nov-02|Budapest|Austria-Hungary|Budapest, Austria-Hungary|47.499148,19.0115954
1963|M|physics|J. Hans D. Jensen|25-Jun-07|Hamburg|Germany|Hamburg, Germany|47.499148,19.0115954
1963|F|physics|Maria Goeppert-Mayer|28-Jun-06|Kattowitz|Germany|Katowice, Poland|50.2648919,19.0237815
1964|F|chemistry|Dorothy Crowfoot Hodgkin|12-May-10|Cairo|Egypt|Cairo, Egypt|30.0444196,31.2357116
1964|M|literature|Jean-Paul Sartre|21-Jun-05|Paris|France|Paris, France|30.0444196,31.2357116
1964|M|medicine|Feodor Lynen|6-Apr-11|Munich|Germany|Munich, Germany|30.0444196,31.2357116
1964|M|medicine|Konrad Bloch|21-Jan-12|Neisse|Germany|Nysa, Poland|50.4822855,17.3295861
1964|M|peace|Martin Luther King Jr.|15-Jan-29|Atlanta GA|USA|Atlanta GA, USA|33.7489954,-84.3879824
1964|M|physics|Aleksandr Mikhailovich Prokhorov|11-Jul-16|Atherton|Australia|Atherton, Australia|-17.2660801,145.4858599
1964|M|physics|Charles Hard Townes|28-Jul-15|Greenville SC|USA|Greenville SC, USA|34.8526176,-82.3940104
1964|M|physics|Nicolay Gennadiyevich Basov|14-Dec-22|Usman Russia|Soviet Union|Usman Russia, Soviet Union|52.0407835,39.7406193
1965|M|chemistry|Robert Burns Woodward|10-Apr-17|Boston MA|USA|Boston MA, USA|52.0407835,39.7406193
1965|M|literature|Mikhail Aleksandrovich Sholokhov|24-Jun-05|Veshenskaya|Russia|Veshenskaya, Russia|49.6315639,41.7147171
1965|M|medicine|André Lwoff|8-May-02|Ainay-le-Château|France|Ainay-le-Château, France|46.709714,2.691018
1965|M|medicine|François Jacob|17-Jun-20|Nancy|France|Nancy, France|48.692054,6.184417
1965|M|medicine|Jacques Monod|9-Feb-10|Paris|France|Paris, France|48.692054,6.184417
1965|NA|peace|United Nations Children's Fund (UNICEF)|1946 in New York|NY|USA|NY, USA|40.7127753,-74.0059728
1965|M|physics|Julian Schwinger|12-Feb-18|New York NY|USA|New York NY, USA|40.7127753,-74.0059728
1965|M|physics|Richard P. Feynman|11-May-18|New York NY|USA|New York NY, USA|40.7127753,-74.0059728
1965|M|physics|Sin-Itiro Tomonaga|2006/03/31|Kyoto|Japan|Kyoto, Japan|35.0116363,135.7680294
1966|M|chemistry|Robert S. Mulliken|7 July 1896|Newburyport MA|USA|Newburyport MA, USA|42.8125913,-70.8772751
1966|F|literature|Nelly Sachs|10 December 1891|Berlin|Germany|Berlin, Germany|42.8125913,-70.8772751
1966|M|literature|Shmuel Yosef Agnon|17 July 1888|Buczacz|Austria-Hungary|Buchach, Ukraine|49.064831,25.3817159
1966|M|medicine|Charles Brenton Huggins|22-Sep-01|Halifax|Canada|Halifax, Canada|44.6487635,-63.5752387
1966|M|medicine|Peyton Rous|5 October 1879|Baltimore MD|USA|Baltimore MD, USA|39.2903848,-76.6121893
1966|M|physics|Alfred Kastler|3-May-02|Guebwiller|Germany|Guebwiller, France|47.911586,7.209336
1967|M|chemistry|George Porter|6-Dec-20|Stainforth|United Kingdom|Stainforth, United Kingdom|54.099248,-2.273164
1967|M|chemistry|Manfred Eigen|9-May-27|Bochum|Germany|Bochum, Germany|51.4818445,7.2162363
1967|M|chemistry|Ronald George Wreyford Norrish|9 November 1897|Cambridge|United Kingdom|Cambridge, United Kingdom|51.4818445,7.2162363
1967|M|literature|Miguel Angel Asturias|19 October 1899|Guatemala City|Guatemala|Guatemala City, Guatemala|14.6349149,-90.5068824
1967|M|medicine|George Wald|18-Nov-06|New York NY|USA|New York NY, USA|14.6349149,-90.5068824
1967|M|medicine|Haldan Keffer Hartline|22-Dec-03|Bloomsburg PA|USA|Bloomsburg PA, USA|41.003698,-76.4549457
1967|M|medicine|Ragnar Granit|30-Oct-00|Helsinki|Finland|Helsinki, Finland|41.003698,-76.4549457
1967|M|physics|Hans Albrecht Bethe|2-Jul-06|Strassburg|Germany|Strasbourg, France|48.5734053,7.7521113
1968|M|chemistry|Lars Onsager|27-Nov-03|Kristiania|Norway|Oslo, Norway|48.5734053,7.7521113
1968|M|literature|Yasunari Kawabata|11 June 1899|Osaka|Japan|Osaka, Japan|34.6937378,135.5021651
1968|M|medicine|Har Gobind Khorana|9-Jan-22|Raipur|India|Raipur, India|21.2513844,81.6296413
1968|M|medicine|Marshall W. Nirenberg|10-Apr-27|New York NY|USA|New York NY, USA|21.2513844,81.6296413
1968|M|medicine|Robert W. Holley|28-Jan-22|Urbana IL|USA|Urbana IL, USA|40.1105875,-88.2072697
1968|M|peace|René Cassin|5 October 1887|Bayonne|France|Bayonne, France|43.492949,-1.474841
1968|M|physics|Luis Walter Alvarez|13-Jun-11|San Francisco CA|USA|San Francisco CA, USA|43.492949,-1.474841
1969|M|chemistry|Derek H. R. Barton|8-Sep-18|Gravesend|United Kingdom|Gravesend, United Kingdom|51.441884,0.370759
1969|M|chemistry|Odd Hassel|17 May 1897|Kristiania|Norway|Oslo, Norway|51.441884,0.370759
1969|M|economics|Jan Tinbergen|12-Apr-03|the Hague|the Netherlands|the Hague, the Netherlands|52.0704978,4.3006999
1969|M|economics|Ragnar Frisch|3 March 1895|Oslo|Norway|Oslo, Norway|52.0704978,4.3006999
1969|M|literature|Samuel Beckett|13-Apr-06|Dublin|Ireland|Dublin, Ireland|52.0704978,4.3006999
1969|M|medicine|Alfred D. Hershey|4-Dec-08|Owosso MI|USA|Owosso MI, USA|42.9978049,-84.1766358
1969|M|medicine|Max Delbrück|4-Sep-06|Berlin|Germany|Berlin, Germany|42.9978049,-84.1766358
1969|M|medicine|Salvador E. Luria|13-Aug-12|Torino|Italy|Torino, Italy|45.070312,7.6868565
1969|NA|peace|International Labour Organization (I.L.O.)|1919 in Geneva||Switzerland|, Switzerland|45.070312,7.6868565
1969|M|physics|Murray Gell-Mann|15-Sep-29|New York NY|USA|New York NY, USA|45.070312,7.6868565
1970|M|chemistry|Luis F. Leloir|6-Sep-06|Paris|France|Paris, France|45.070312,7.6868565
1970|M|economics|Paul A. Samuelson|15-May-15|Gary IN|USA|Gary IN, USA|41.5933696,-87.3464271
1970|M|literature|Aleksandr Isayevich Solzhenitsyn|11-Dec-18|Kislovodsk|Russia|Kislovodsk, Russia|43.9056014,42.7280949
1970|M|medicine|Julius Axelrod|30-May-12|New York NY|USA|New York NY, USA|43.9056014,42.7280949
1970|M|medicine|Sir Bernard Katz|2011/03/26|Leipzig|Germany|Leipzig, Germany|51.3396955,12.3730747
1970|M|medicine|Ulf von Euler|7-Feb-05|Stockholm|Sweden|Stockholm, Sweden|51.3396955,12.3730747
1970|M|peace|Norman E. Borlaug|2014/03/25|Cresco IA|USA|Cresco IA, USA|43.3813568,-92.1140547
1970|M|physics|Hannes Olof Gösta Alfvén|30-May-08|Norrköping|Sweden|Norrköping, Sweden|58.587745,16.192421
1970|M|physics|Louis Eugčne Félix Néel|22-Nov-04|Lyon|France|Lyon, France|45.764043,4.835659
1971|M|chemistry|Gerhard Herzberg|25-Dec-04|Hamburg|Germany|Hamburg, Germany|45.764043,4.835659
1971|M|economics|Simon Kuznets|30-Apr-01|Kharkov|Russian Empire|Kharkiv, Ukraine|45.764043,4.835659
1971|M|literature|Pablo Neruda|12-Jul-04|Parral|Chile|Parral, Chile|-36.1406484,-71.8227528
1971|M|medicine|Earl W. Sutherland, Jr.|19-Nov-15|Burlingame KS|USA|Burlingame KS, USA|38.7538946,-95.8349868
1971|M|peace|Willy Brandt|18-Dec-13|Lübeck|Germany|Lübeck, Germany|38.7538946,-95.8349868
1971|M|physics|Dennis Gabor|5-Jun-00|Budapest|Hungary|Budapest, Hungary|38.7538946,-95.8349868
1972|M|chemistry|Christian B. Anfinsen|2016/03/26|Monessen PA|USA|Monessen PA, USA|40.1484053,-79.8878254
1972|M|chemistry|Stanford Moore|4-Sep-13|Chicago IL|USA|Chicago IL, USA|40.1484053,-79.8878254
1972|M|chemistry|William H. Stein|25-Jun-11|New York NY|USA|New York NY, USA|40.1484053,-79.8878254
1972|M|economics|John R. Hicks|8-Apr-04|Warwick|United Kingdom|Warwick, United Kingdom|52.282316,-1.584927
1972|M|economics|Kenneth J. Arrow|23-Aug-21|New York NY|USA|New York NY, USA|52.282316,-1.584927
1972|M|literature|Heinrich Böll|21-Dec-17|Cologne|Germany|Cologne, Germany|52.282316,-1.584927
1972|M|medicine|Gerald M. Edelman|1-Jul-29|New York NY|USA|New York NY, USA|52.282316,-1.584927
1972|M|medicine|Rodney R. Porter|8-Oct-17|Newton-le-Willows|United Kingdom|Newton-le-Willows, United Kingdom|53.452889,-2.63508
1972|M|physics|John Bardeen|23-May-08|Madison WI|USA|Madison WI, USA|53.452889,-2.63508
1972|M|physics|John Robert Schrieffer|31-May-31|Oak Park IL|USA|Oak Park IL, USA|53.452889,-2.63508
1972|M|physics|Leon Neil Cooper|28-Feb-30|New York NY|USA|New York NY, USA|53.452889,-2.63508
1973|M|chemistry|Ernst Otto Fischer|10-Nov-18|Munich|Germany|Munich, Germany|53.452889,-2.63508
1973|M|chemistry|Geoffrey Wilkinson|14-Jul-21|Todmorden|United Kingdom|Todmorden, United Kingdom|53.452889,-2.63508
1973|M|economics|Wassily Leontief|5-Aug-06|St. Petersburg|Russia|St. Petersburg, Russia|59.9342802,30.3350986
1973|M|literature|Patrick White|28-May-12|London|United Kingdom|London, United Kingdom|59.9342802,30.3350986
1973|M|medicine|Karl von Frisch|20 November 1886|Vienna|Austria|Vienna, Austria|59.9342802,30.3350986
1973|M|medicine|Konrad Lorenz|7-Nov-03|Vienna|Austria|Vienna, Austria|59.9342802,30.3350986
1973|M|medicine|Nikolaas Tinbergen|15-Apr-07|the Hague|the Netherlands|the Hague, the Netherlands|59.9342802,30.3350986
1973|M|peace|Henry A. Kissinger|27-May-23|Fürth|Germany|Fürth, Germany|49.4771169,10.988667
1973|M|peace|Le Duc Tho|14-Oct-11|Nam Ha province|Vietnam|Nam Ha province, Vietnam|20.5835196,105.92299
1973|M|physics|Brian David Josephson|4-Jan-40|Cardiff|United Kingdom|Cardiff, United Kingdom|51.481581,-3.17909
1973|M|physics|Ivar Giaever|5-Apr-29|Bergen|Norway|Bergen, Norway|60.3912628,5.3220544
1973|M|physics|Leo Esaki|2025/03/12|Osaka|Japan|Osaka, Japan|60.3912628,5.3220544
1974|M|chemistry|Paul J. Flory|19-Jun-10|Sterling IL|USA|Sterling IL, USA|41.788642,-89.6962194
1974|M|economics|Friedrich August von Hayek|8 May 1899|Vienna|Austria|Vienna, Austria|41.788642,-89.6962194
1974|M|economics|Gunnar Myrdal|6 December 1898|Skattungbyn|Sweden|Skattungbyn, Sweden|61.1866825,14.8531629
1974|M|literature|Eyvind Johnson|29-Jul-00|Svartbjörnsbyn|Sweden|Svartbjörnsbyn, Sweden|NOK[ZERO_RESULTS]
1974|M|literature|Harry Martinson|6-May-04|Jämshög|Sweden|Jämshög, Sweden|56.2403103,14.5308835
1974|M|medicine|Albert Claude|24 August 1898|Longlier|Belgium|Longlier, Belgium|49.85544,5.45288
1974|M|medicine|Christian de Duve|2-Oct-17|Thames Ditton|United Kingdom|Thames Ditton, United Kingdom|51.389686,-0.339189
1974|M|medicine|George E. Palade|19-Nov-12|Iasi|Romania|Iasi, Romania|47.1584549,27.6014418
1974|M|peace|Eisaku Sato|2001/03/27|Tabuse|Japan|Tabuse, Japan|33.9547026,132.0413731
1974|M|peace|Seán MacBride|26-Jan-04|Paris|France|Paris, France|33.9547026,132.0413731
1974|M|physics|Antony Hewish|11-May-24|Fowey|United Kingdom|Fowey, United Kingdom|50.33499,-4.636525
1974|M|physics|Sir Martin Ryle|14-Sep-18|Brighton|United Kingdom|Brighton, United Kingdom|50.82253,-0.137163
1975|M|chemistry|John Warcup Cornforth|7-Sep-17|Sydney|Australia|Sydney, Australia|-33.8688197,151.2092955
1975|M|chemistry|Vladimir Prelog|23-Jul-06|Sarajevo|Austria-Hungary|Sarajevo, Bosnia and Herzegovina|43.8562586,18.4130763
1975|M|economics|Leonid Vitaliyevich Kantorovich|19-Jan-12|St. Petersburg|Russian Empire|St. Petersburg, Russian Empire|59.9358282,30.3206509
1975|M|economics|Tjalling C. Koopmans|28-Aug-10|s Graveland|the Netherlands|s Graveland, the Netherlands|52.2446819,5.1314775
1975|M|literature|Eugenio Montale|12 October 1896|Genoa|Italy|Genoa, Italy|44.4056499,8.946256
1975|M|medicine|David Baltimore|1938/03/07|New York NY|USA|New York NY, USA|44.4056499,8.946256
1975|M|medicine|Howard Martin Temin|10-Dec-34|Philadelphia PA|USA|Philadelphia PA, USA|39.9525839,-75.1652215
1975|M|medicine|Renato Dulbecco|22-Feb-14|Catanzaro|Italy|Catanzaro, Italy|38.9097919,16.5876516
1975|M|peace|Andrei Dmitrievich Sakharov|21-May-21|Moscow|Russia|Moscow, Russia|38.9097919,16.5876516
1975|M|physics|Aage Niels Bohr|19-Jun-22|Copenhagen|Denmark|Copenhagen, Denmark|38.9097919,16.5876516
1975|M|physics|Ben Roy Mottelson|9-Jul-26|Chicago IL|USA|Chicago IL, USA|38.9097919,16.5876516
1975|M|physics|Leo James Rainwater|9-Dec-17|Council ID|USA|Council ID, USA|44.7298876,-116.4381985
1976|M|chemistry|William N. Lipscomb|9-Dec-19|Cleveland OH|USA|Cleveland OH, USA|44.7298876,-116.4381985
1976|M|economics|Milton Friedman|31-Jul-12|Brooklyn NY|USA|Brooklyn NY, USA|44.7298876,-116.4381985
1976|M|literature|Saul Bellow|10-Jun-15|Montreal|Canada|Montreal, Canada|45.5016889,-73.567256
1976|M|medicine|Baruch S. Blumberg|28-Jul-25|New York NY|USA|New York NY, USA|45.5016889,-73.567256
1976|M|medicine|D. Carleton Gajdusek|9-Sep-23|Yonkers NY|USA|Yonkers NY, USA|45.5016889,-73.567256
1976|F|peace|Betty Williams|22-May-43|Belfast|Northern Ireland|Belfast, Northern Ireland|54.597285,-5.93012
1976|F|peace|Mairead Corrigan|27-Jan-44|Belfast|Northern Ireland|Belfast, Northern Ireland|54.597285,-5.93012
1976|M|physics|Burton Richter|1931/03/22|Brooklyn NY|USA|Brooklyn NY, USA|54.597285,-5.93012
1976|M|physics|Samuel Chao Chung Ting|27-Jan-36|Ann Arbor MI|USA|Ann Arbor MI, USA|54.597285,-5.93012
1977|M|chemistry|Ilya Prigogine|25-Jan-17|Moscow|Russia|Moscow, Russia|54.597285,-5.93012
1977|M|economics|Bertil Ohlin|23 April 1899|Klippan|Sweden|Klippan, Sweden|56.1348998,13.1290409
1977|M|economics|James E. Meade|23-Jun-07|Swanage|United Kingdom|Swanage, United Kingdom|50.608277,-1.960769
1977|M|literature|Vicente Aleixandre|26 April 1898|Sevilla|Spain|Sevilla, Spain|37.3890924,-5.9844589
1977|M|medicine|Andrew V. Schally|30-Nov-26|Wilno|Poland|Vilnius, Lithuania|54.6871555,25.2796514
1977|M|medicine|Roger Guillemin|11-Jan-24|Dijon|France|Dijon, France|47.322047,5.04148
1977|F|medicine|Rosalyn Yalow|19-Jul-21|New York NY|USA|New York NY, USA|47.322047,5.04148
1977|NA|peace|Amnesty International|1961 in London||United Kingdom|, United Kingdom|47.322047,5.04148
1977|M|physics|John Hasbrouck van Vleck|13 March 1899|Middletown CT|USA|Middletown CT, USA|41.5623209,-72.6506488
1977|M|physics|Philip Warren Anderson|13-Dec-23|Indianapolis IN|USA|Indianapolis IN, USA|39.768403,-86.158068
1977|M|physics|Sir Nevill Francis Mott|30-Sep-05|Leeds|United Kingdom|Leeds, United Kingdom|53.8007554,-1.5490774
1978|M|chemistry|Peter D. Mitchell|29-Sep-20|Mitcham|United Kingdom|Mitcham, United Kingdom|51.402869,-0.166709
1978|M|economics|Herbert A. Simon|15-Jun-16|Milwaukee WI|USA|Milwaukee WI, USA|43.0389025,-87.9064736
1978|M|literature|Isaac Bashevis Singer|14-Jul-04|Leoncin|Russian Empire|Leoncin, Poland|52.3937748,20.5341061
1978|M|medicine|Daniel Nathans|30-Oct-28|Wilmington DE|USA|Wilmington DE, USA|39.7390721,-75.5397878
1978|M|medicine|Hamilton O. Smith|23-Aug-31|New York NY|USA|New York NY, USA|39.7390721,-75.5397878
1978|M|medicine|Werner Arber|3-Jun-29|Gränichen|Switzerland|Gränichen, Switzerland|47.3621015,8.0980292
1978|M|peace|Menachem Begin|16-Aug-13|Brest Litovsk|Russian Empire|Brest Litovsk, Belarus|52.0976214,23.7340503
1978|M|peace|Mohamed Anwar al-Sadat|25-Dec-18|Mit Abu al-Kawm|Egypt|Mit Abu al-Kawm, Egypt|30.6362958,30.91351
1978|M|physics|Arno Allan Penzias|26-Apr-33|Munich|Germany|Munich, Germany|30.6362958,30.91351
1978|M|physics|Pyotr Leonidovich Kapitsa|9 July 1894|Kronshtadt|Russian Empire|Kronshtadt, Russian Empire|NOK[ZERO_RESULTS]
1978|M|physics|Robert Woodrow Wilson|10-Jan-36|Houston TX|USA|Houston TX, USA|29.7604267,-95.3698028
1979|M|chemistry|Georg Wittig|16 June 1897|Berlin|Germany|Berlin, Germany|29.7604267,-95.3698028
1979|M|chemistry|Herbert C. Brown|22-May-12|London|United Kingdom|London, United Kingdom|29.7604267,-95.3698028
1979|M|economics|Sir Arthur Lewis|23-Jan-15|Castries|British West Indies|Castries, Saint Lucia|14.0101094,-60.9874687
1979|M|economics|Theodore W. Schultz|30-Apr-02|Arlington SD|USA|Arlington SD, USA|44.3644133,-97.1331212
1979|M|literature|Odysseus Elytis|2-Nov-11|Iráklion|Crete|Iráklion, Greece|35.3387352,25.1442126
1979|M|medicine|Allan M. Cormack|23-Feb-24|Johannesburg|South Africa|Johannesburg, South Africa|-26.2041028,28.0473051
1979|M|medicine|Godfrey N. Hounsfield|28-Aug-19|Newark|United Kingdom|Newark, United Kingdom|53.0700391,-0.80657
1979|F|peace|Mother Teresa|26-Aug-10|Uskup|Ottoman Empire|Skopje, Republic of Macedonia|41.9973462,21.4279956
1979|M|physics|Abdus Salam|29-Jan-26|Jhang |India|Jhang, Pakistan|31.2780683,72.3316761
1979|M|physics|Sheldon Lee Glashow|5-Dec-32|New York NY|USA|New York NY, USA|31.2780683,72.3316761
1979|M|physics|Steven Weinberg|3-May-33|New York NY|USA|New York NY, USA|31.2780683,72.3316761
1980|M|chemistry|Frederick Sanger|13-Aug-18|Rendcombe|United Kingdom|Rendcombe, United Kingdom|31.2780683,72.3316761
1980|M|chemistry|Paul Berg|30-Jun-26|New York NY|USA|New York NY, USA|31.2780683,72.3316761
1980|M|chemistry|Walter Gilbert|1932/03/21|Boston MA|USA|Boston MA, USA|31.2780683,72.3316761
1980|M|economics|Lawrence R. Klein|14-Sep-20|Omaha NE|USA|Omaha NE, USA|41.2565369,-95.9345034
1980|M|literature|Czeslaw Milosz|30-Jun-11|Šateiniai|Russian Empire|Šateiniai, Lithuania|55.3950409,24.034183
1980|M|medicine|Baruj Benacerraf|29-Oct-20|Caracas|Venezuela|Caracas, Venezuela|10.4805937,-66.9036063
1980|M|medicine|George D. Snell|19-Dec-03|Bradford MA|USA|Bradford MA, USA|42.7695348,-71.0758905
1980|M|medicine|Jean Dausset|19-Oct-16|Toulouse|France|Toulouse, France|43.604652,1.444209
1980|M|peace|Adolfo Pérez Esquivel|26-Nov-31|Buenos Aires|Argentina|Buenos Aires, Argentina|43.604652,1.444209
1980|M|physics|James Watson Cronin|29-Sep-31|Chicago IL|USA|Chicago IL, USA|43.604652,1.444209
1980|M|physics|Val Logsdon Fitch|2023/03/10|Merriman NE|USA|Merriman NE, USA|42.9197225,-101.7007033
1981|M|chemistry|Kenichi Fukui|4-Oct-18|Nara|Japan|Nara, Japan|34.6850869,135.8050002
1981|M|chemistry|Roald Hoffmann|18-Jul-37|Zloczov|Poland|Zloczov, Poland|51.4171963,18.6035594
1981|M|economics|James Tobin|2018/03/05|Champaign IL|USA|Champaign IL, USA|40.1164204,-88.2433829
1981|M|literature|Elias Canetti|25-Jul-05|Ruse|Bulgaria|Ruse, Bulgaria|43.8355713,25.9656554
1981|M|medicine|David H. Hubel|27-Feb-26|Windsor ON|Canada|Windsor ON, Canada|42.3149367,-83.0363633
1981|M|medicine|Roger W. Sperry|20-Aug-13|Hartford CT|USA|Hartford CT, USA|41.7658043,-72.6733723
1981|M|medicine|Torsten N. Wiesel|3-Jun-24|Uppsala|Sweden|Uppsala, Sweden|59.8585638,17.6389267
1981|NA|peace|Office of the United Nations High Commissioner for Refugees (UNHCR)|1951 in Geneva||Switzerland|, Switzerland|59.8585638,17.6389267
1981|M|physics|Arthur Leonard Schawlow|5-May-21|Mount Verno NY|USA|Mount Verno NY, USA|40.9125992,-73.8370786
1981|M|physics|Kai M. Siegbahn|20-Apr-18|Lund|Sweden|Lund, Sweden|40.9125992,-73.8370786
1981|M|physics|Nicolaas Bloembergen|2020/03/11|Dordrecht|the Netherlands|Dordrecht, the Netherlands|51.8132979,4.6900929
1982|M|chemistry|Aaron Klug|11-Aug-26|Zelvas|Lithuania|Zelvas, Lithuania|55.2186369,25.1004961
1982|M|economics|George J. Stigler|17-Jan-11|Renton WA|USA|Renton WA, USA|47.4828776,-122.2170661
1982|M|literature|Gabriel García Márquez|2028/03/06|Aracataca|Colombia|Aracataca, Colombia|10.591925,-74.186103
1982|M|medicine|Bengt I. Samuelsson|21-May-34|Halmstad|Sweden|Halmstad, Sweden|56.6743748,12.8577885
1982|M|medicine|John R. Vane|2027/03/29|Tardebigg|United Kingdom|Tardebigg, United Kingdom|52.3226928,-2.0068986
1982|M|medicine|Sune K. Bergström|10-Jan-16|Stockholm|Sweden|Stockholm, Sweden|52.3226928,-2.0068986
1982|M|peace|Alfonso García Robles|2011/03/20|Zamora|Mexico|Zamora, Mexico|19.9901766,-102.2834075
1982|F|peace|Alva Myrdal|31-Jan-02|Uppsala|Sweden|Uppsala, Sweden|19.9901766,-102.2834075
1982|M|physics|Kenneth G. Wilson|8-Jun-36|Waltham MA|USA|Waltham MA, USA|42.3764852,-71.2356113
1983|M|chemistry|Henry Taube|30-Nov-15|Neudorf|Canada|Neudorf, Canada|50.7131318,-103.0121315
1983|M|economics|Gerard Debreu|4-Jul-21|Calais|France|Calais, France|50.95129,1.858686
1983|M|literature|William Golding|19-Sep-11|St. Columb Minor|United Kingdom|St. Columb Minor, United Kingdom|50.417808,-5.045908
1983|F|medicine|Barbara McClintock|16-Jun-02|Hartford CT|USA|Hartford CT, USA|50.417808,-5.045908
1983|M|peace|Lech Walesa|29-Sep-43|Popowo|Poland|Popowo, Poland|52.6870511,19.4243781
1983|M|physics|Subramanyan Chandrasekhar|19-Oct-10|Lahore|India|Lahore, Pakistan|31.5203696,74.3587473
1983|M|physics|William Alfred Fowler|9-Aug-11|Pittsburgh PA|USA|Pittsburgh PA, USA|31.5203696,74.3587473
1984|M|chemistry|Robert Bruce Merrifield|15-Jul-21|Fort Worth TX|USA|Fort Worth TX, USA|32.7554883,-97.3307658
1984|M|economics|Richard Stone|30-Aug-13|London|United Kingdom|London, United Kingdom|32.7554883,-97.3307658
1984|M|literature|Jaroslav Seifert|23-Sep-01|Prague|Austria-Hungary|Prague, Czech Republic|32.7554883,-97.3307658
1984|M|medicine|César Milstein|8-Oct-27|Bahia Blanca|Argentina|Bahia Blanca, Argentina|-38.7183177,-62.2663478
1984|M|medicine|Georges J.F. Köhler|17-Apr-46|Munich|Germany|Munich, Germany|-38.7183177,-62.2663478
1984|M|medicine|Niels K. Jerne|23-Dec-11|London|United Kingdom|London, United Kingdom|-38.7183177,-62.2663478
1984|M|peace|Desmond Mpilo Tutu|7-Oct-31|Klerksdorp|South Africa|Klerksdorp, South Africa|-26.8598225,26.6317514
1984|M|physics|Carlo Rubbia|1934/03/31|Gorizia|Italy|Gorizia, Italy|45.9401812,13.6201754
1984|M|physics|Simon van der Meer|24-Nov-25|the Hague|the Netherlands|the Hague, the Netherlands|45.9401812,13.6201754
1985|M|chemistry|Herbert A. Hauptman|14-Feb-17|New York NY|USA|New York NY, USA|45.9401812,13.6201754
1985|M|chemistry|Jerome Karle|18-Jun-18|New York NY|USA|New York NY, USA|45.9401812,13.6201754
1985|M|economics|Franco Modigliani|18-Jun-18|Rome|Italy|Rome, Italy|45.9401812,13.6201754
1985|M|literature|Claude Simon|10-Oct-13|Tananarive|Madagascar|Antananarivo, Madagascar|-18.8791902,47.5079055
1985|M|medicine|Joseph L. Goldstein|18-Apr-40|Sumter SC|USA|Sumter SC, USA|33.9204354,-80.3414693
1985|M|medicine|Michael S. Brown|13-Apr-41|New York NY|USA|New York NY, USA|33.9204354,-80.3414693
1985|NA|peace|International Physicians for the Prevention of Nuclear War|1980 in Boston|MA|USA|MA, USA|42.4072107,-71.3824374
1985|M|physics|Klaus von Klitzing|28-Jun-43|Schroda|German-occupied Poland|Schroda, German-occupied Poland|NOK[ZERO_RESULTS]
1986|M|chemistry|Dudley R. Herschbach|18-Jun-32|San José CA|USA|San José CA, USA|37.3382082,-121.8863286
1986|M|chemistry|John C. Polanyi|23-Jan-29|Berlin|Germany|Berlin, Germany|37.3382082,-121.8863286
1986|M|chemistry|Yuan T. Lee|19-Nov-36|Hsinchu|Taiwan|Hsinchu, Taiwan|24.8138287,120.9674798
1986|M|economics|James M. Buchanan Jr.|3-Oct-19|Murfreesboro TN|USA|Murfreesboro TN, USA|35.8456213,-86.39027
1986|M|literature|Wole Soyinka|13-Jul-34|Abeokuta|Nigeria|Abeokuta, Nigeria|7.147502,3.3619356
1986|F|medicine|Rita Levi-Montalcini|22-Apr-09|Turin|Italy|Turin, Italy|45.070312,7.6868565
1986|M|medicine|Stanley Cohen|17-Nov-22|Brooklyn NY|USA|Brooklyn NY, USA|45.070312,7.6868565
1986|M|peace|Elie Wiesel|30-Sep-28|Sighet|Romania|Sighet, Romania|47.927707,23.8976506
1986|M|physics|Ernst Ruska|25-Dec-06|Heidelberg|Germany|Heidelberg, Germany|49.3987524,8.6724335
1986|M|physics|Gerd Binnig|20-Jul-47|Frankfurt-on-the-Main|West Germany|Frankfurt-on-the-Main, West Germany|50.1109221,8.6821267
1986|M|physics|Heinrich Rohrer|6-Jun-33|Buchs|Switzerland|Buchs, Switzerland|47.1655403,9.4708594
1987|M|chemistry|Charles J. Pedersen|3-Oct-04|Pusan|Korea|Pusan, Korea|35.1795543,129.0756416
1987|M|chemistry|Donald J. Cram|22-Apr-19|Chester VT|USA|Chester VT, USA|43.2628476,-72.5951082
1987|M|chemistry|Jean-Marie Lehn|30-Sep-39|Rosheim|France|Rosheim, France|48.496665,7.470529
1987|M|economics|Robert M. Solow|23-Aug-24|Brooklyn NY|USA|Brooklyn NY, USA|48.496665,7.470529
1987|M|literature|Joseph Brodsky|24-May-40|Leningrad|USSR|Saint Petersburg, Russia|59.9342802,30.3350986
1987|M|medicine|Susumu Tonegawa|6-Sep-39|Nagoya|Japan|Nagoya, Japan|35.1814464,136.906398
1987|M|peace|Oscar Arias Sánchez|13-Sep-41|Heredia|Costa Rica|Heredia, Costa Rica|9.9981413,-84.1197643
1987|M|physics|J. Georg Bednorz|16-May-50|Neuenkirchen|West Germany|Neuenkirchen, West Germany|52.2394623,7.3714554
1987|M|physics|K. Alexander Müller|20-Apr-27|Basel|Switzerland|Basel, Switzerland|47.5595986,7.5885761
1988|M|chemistry|Hartmut Michel|18-Jul-48|Ludwigsburg|West Germany|Ludwigsburg, West Germany|48.8940624,9.195464
1988|M|chemistry|Johann Deisenhofer|30-Sep-43|Zusamaltheim|Germany|Zusamaltheim, Germany|48.5313776,10.6360613
1988|M|chemistry|Robert Huber|20-Feb-37|Munich|Germany|Munich, Germany|48.5313776,10.6360613
1988|M|economics|Maurice Allais|31-May-11|Paris|France|Paris, France|48.5313776,10.6360613
1988|M|literature|Naguib Mahfouz|11-Dec-11|Cairo|Egypt|Cairo, Egypt|48.5313776,10.6360613
1988|M|medicine|George H. Hitchings|18-Apr-05|Hoquiam WA|USA|Hoquiam WA, USA|46.9809247,-123.8893348
1988|F|medicine|Gertrude B. Elion|23-Jan-18|New York NY|USA|New York NY, USA|46.9809247,-123.8893348
1988|M|medicine|Sir James W. Black|14-Jun-24|Uddingston|Scotland|Uddingston, Scotland|55.815735,-4.0791271
1988|NA|peace|United Nations Peacekeeping Forces|1948 in New York|NY|USA|NY, USA|55.815735,-4.0791271
1988|M|physics|Jack Steinberger|25-May-21|Bad Kissingen|Germany|Bad Kissingen, Germany|50.2007337,10.080392
1988|M|physics|Leon M. Lederman|15-Jul-22|New York NY|USA|New York NY, USA|50.2007337,10.080392
1988|M|physics|Melvin Schwartz|2-Nov-32|New York NY|USA|New York NY, USA|50.2007337,10.080392
1989|M|chemistry|Sidney Altman|7-May-39|Montreal|Canada|Montreal, Canada|50.2007337,10.080392
1989|M|chemistry|Thomas R. Cech|8-Dec-47|Chicago IL|USA|Chicago IL, USA|50.2007337,10.080392
1989|M|economics|Trygve Haavelmo|13-Dec-11|Skedsmo|Norway|Skedsmo, Norway|59.9929184,11.0421988
1989|M|literature|Camilo José Cela|11-May-16|Iria Flavia|Spain|Iria Flavia, Spain|42.7459331,-8.6555896
1989|M|medicine|Harold E. Varmus|18-Dec-39|Oceanside NY|USA|Oceanside NY, USA|40.6387141,-73.6401296
1989|M|medicine|J. Michael Bishop|22-Feb-36|York PA|USA|York PA, USA|39.9625984,-76.727745
1989|M|peace|The 14th Dalai Lama (Tenzin Gyatso)|6-Jul-35|Taktser|Tibet|Taktser, Tibet|36.377869,101.8655392
1989|M|physics|Hans G. Dehmelt|9-Sep-22|Görlitz|Germany|Görlitz, Germany|51.1506269,14.968707
1989|M|physics|Norman F. Ramsey|27-Aug-15|Washington DC|USA|Washington DC, USA|38.9071923,-77.0368707
1989|M|physics|Wolfgang Paul|10-Aug-13|Lorenzkirch|Germany|Lorenzkirch, Germany|51.3560031,13.243844
1990|M|chemistry|Elias James Corey|12-Jul-28|Methuen MA|USA|Methuen MA, USA|42.7262016,-71.1908924
1990|M|economics|Harry M. Markowitz|24-Aug-27|Chicago IL|USA|Chicago IL, USA|42.7262016,-71.1908924
1990|M|economics|Merton H. Miller|16-May-23|Boston MA|USA|Boston MA, USA|42.7262016,-71.1908924
1990|M|economics|William F. Sharpe|16-Jun-34|Boston MA|USA|Boston MA, USA|42.7262016,-71.1908924
1990|M|literature|Octavio Paz|2014/03/31|Mexico City|Mexico|Mexico City, Mexico|19.4326077,-99.133208
1990|M|medicine|E. Donnall Thomas|2020/03/15|Mart TX|USA|Mart TX, USA|31.5423911,-96.8336015
1990|M|medicine|Joseph E. Murray|1-Apr-19|Milford MA|USA|Milford MA, USA|42.1398577,-71.5163049
1990|M|peace|Mikhail Sergeyevich Gorbachev|1931/03/02|Privolnoye|USSR|Privolnoye, USSR|NOK[ZERO_RESULTS]
1990|M|physics|Henry W. Kendall|9-Dec-26|Boston MA|USA|Boston MA, USA|NOK[ZERO_RESULTS]
1990|M|physics|Jerome I. Friedman|1930/03/28|Chicago IL|USA|Chicago IL, USA|NOK[ZERO_RESULTS]
1990|M|physics|Richard E. Taylor|2-Nov-29|Medicine Hat Alberta|Canada|Medicine Hat Alberta, Canada|50.0405486,-110.6764257
1991|M|chemistry|Richard R. Ernst|14-Aug-33|Winterthur|Switzerland|Winterthur, Switzerland|47.4988196,8.7236889
1991|M|economics|Ronald H. Coase|29-Dec-10|Willesden|United Kingdom|Willesden, United Kingdom|51.548961,-0.239096
1991|F|literature|Nadine Gordimer|20-Nov-23|Springs|South Africa|Springs, South Africa|-26.2607243,28.4630376
1991|M|medicine|Bert Sakmann|12-Jun-42|Stuttgart|Germany|Stuttgart, Germany|-26.2607243,28.4630376
1991|M|medicine|Erwin Neher|1944/03/20|Landsberg|Germany|Landsberg, Germany|48.050783,10.8703515
1991|F|peace|Aung San Suu Kyi|19-Jun-45|Rangoon|Burma|Yangon, Myanmar|16.8660694,96.195132
1991|M|physics|Pierre-Gilles de Gennes|24-Oct-32|Paris|France|Paris, France|16.8660694,96.195132
1992|M|chemistry|Rudolph A. Marcus|21-Jul-23|Montreal|Canada|Montreal, Canada|16.8660694,96.195132
1992|M|economics|Gary S. Becker|2-Dec-30|Pottsville PA|USA|Pottsville PA, USA|40.6856456,-76.195499
1992|M|literature|Derek Walcott|23-Jan-30|Castries|Saint Lucia|Castries, Saint Lucia|40.6856456,-76.195499
1992|M|medicine|Edmond H. Fischer|6-Apr-20|Shanghai|China|Shanghai, China|40.6856456,-76.195499
1992|M|medicine|Edwin G. Krebs|6-Jun-18|Lansing IA|USA|Lansing IA, USA|43.3609053,-91.218768
1992|F|peace|Rigoberta Menchú Tum|9-Jan-59|Aldea Chimel|Guatemala|Aldea Chimel, Guatemala|NOK[ZERO_RESULTS]
1992|M|physics|Georges Charpak|1-Aug-24|Dabrovica|Poland|Dabrovica, Poland|50.4874693,21.6168029
1993|M|chemistry|Kary B. Mullis|28-Dec-44|Lenoir NC|USA|Lenoir NC, USA|35.9140196,-81.5389849
1993|M|chemistry|Michael Smith|26-Apr-32|Blackpool|United Kingdom|Blackpool, United Kingdom|53.8175053,-3.0356748
1993|M|economics|Douglass C. North|5-Nov-20|Cambridge MA|USA|Cambridge MA, USA|53.8175053,-3.0356748
1993|M|economics|Robert W. Fogel|1-Jul-27|New York NY|USA|New York NY, USA|53.8175053,-3.0356748
1993|M|literature|Toni Morrison|18-Feb-31|Lorain OH|USA|Lorain OH, USA|41.452819,-82.1823746
1993|M|medicine|Phillip A. Sharp|6-Jun-44|Falmouth KY|USA|Falmouth KY, USA|38.6767372,-84.3302142
1993|M|medicine|Richard J. Roberts|6-Sep-43|Derby|United Kingdom|Derby, United Kingdom|52.9225301,-1.4746186
1993|M|peace|Frederik Willem de Klerk|1936/03/18|Johannesburg|South Africa|Johannesburg, South Africa|52.9225301,-1.4746186
1993|M|peace|Nelson Mandela|18-Jul-18|Qunu|South Africa|Qunu, South Africa|-31.7881448,28.6235619
1993|M|physics|Joseph H. Taylor Jr.|1941/03/29|Philadelphia PA|USA|Philadelphia PA, USA|-31.7881448,28.6235619
1993|M|physics|Russell A. Hulse|28-Nov-50|New York NY|USA|New York NY, USA|-31.7881448,28.6235619
1994|M|chemistry|George A. Olah|22-May-27|Budapest|Hungary|Budapest, Hungary|-31.7881448,28.6235619
1994|M|economics|John C. Harsanyi|29-May-20|Budapest|Hungary|Budapest, Hungary|-31.7881448,28.6235619
1994|M|economics|John F. Nash Jr.|13-Jun-28|Bluefield WV|USA|Bluefield WV, USA|37.2698395,-81.2223195
1994|M|economics|Reinhard Selten|5-Oct-30|Breslau|Germany|Wroclaw, Poland|37.2698395,-81.2223195
1994|M|literature|Kenzaburo Oe|31-Jan-35|Uchiko|Japan|Uchiko, Japan|33.532902,132.6580066
1994|M|medicine|Alfred G. Gilman|1-Jul-41|New Haven CT|USA|New Haven CT, USA|41.308274,-72.9278835
1994|M|medicine|Martin Rodbell|1-Dec-25|Baltimore MD|USA|Baltimore MD, USA|41.308274,-72.9278835
1994|M|peace|Shimon Peres|16-Aug-23|Vishneva|Poland|Vishneva, Belarus|54.1440921,26.2103909
1994|M|peace|Yasser Arafat|24-Aug-29|Cairo|Egypt|Cairo, Egypt|54.1440921,26.2103909
1994|M|peace|Yitzhak Rabin|2022/03/01|Jerusalem|British Mandate of Palestine|Jerusalem, Israel|31.768319,35.21371
1994|M|physics|Bertram N. Brockhouse|15-Jul-18|Lethbridge Alberta|Canada|Lethbridge Alberta, Canada|49.69349,-112.84184
1994|M|physics|Clifford G. Shull|23-Sep-15|Pittsburgh PA|USA|Pittsburgh PA, USA|49.69349,-112.84184
1995|F|chemistry|F. Sherwood Rowland|28-Jun-27|Delaware OH|USA|Delaware OH, USA|40.2986724,-83.067965
1995|M|chemistry|Mario J. Molina|1943/03/19|Mexico City|Mexico|Mexico City, Mexico|40.2986724,-83.067965
1995|M|chemistry|Paul J. Crutzen|3-Dec-33|Amsterdam|the Netherlands|Amsterdam, the Netherlands|40.2986724,-83.067965
1995|M|economics|Robert E. Lucas Jr.|15-Sep-37|Yakima WA|USA|Yakima WA, USA|46.6020711,-120.5058987
1995|M|literature|Seamus Heaney|13-Apr-39|Casteldŕwson|Northern Ireland|Casteldŕwson, Northern Ireland|NOK[ZERO_RESULTS]
1995|F|medicine|Christiane Nüsslein-Volhard|20-Oct-42|Magdeburg|Germany|Magdeburg, Germany|52.1205333,11.6276237
1995|M|medicine|Edward B. Lewis|20-May-18|Wilkes-Barre PA|USA|Wilkes-Barre PA, USA|41.2459149,-75.8813075
1995|M|medicine|Eric F. Wieschaus|8-Jun-47|South Bend IN|USA|South Bend IN, USA|41.6763545,-86.2519898
1995|M|peace|Joseph Rotblat|4-Nov-08|Warsaw|Russian Empire|Warsaw, Poland|41.6763545,-86.2519898
1995|NA|peace|Pugwash Conferences on Science and World Affairs|1957 in Pugwash||Canada|, Canada|56.130366,-106.346771
1995|M|physics|Frederick Reines|2018/03/16|Paterson NJ|USA|Paterson NJ, USA|40.9167654,-74.171811
1995|M|physics|Martin L. Perl|24-Jun-27|New York NY|USA|New York NY, USA|40.9167654,-74.171811
1996|M|chemistry|Richard E. Smalley|6-Jun-43|Akron OH|USA|Akron OH, USA|41.0814447,-81.5190053
1996|M|chemistry|Robert F. Curl Jr.|23-Aug-33|Alice TX|USA|Alice TX, USA|27.7522487,-98.0697249
1996|M|chemistry|Sir Harold W. Kroto|7-Oct-39|Wisbech|United Kingdom|Wisbech, United Kingdom|52.666317,0.158797
1996|M|economics|James A. Mirrlees|5-Jul-36|Minnigaff|Scotland|Minnigaff, Scotland|54.967523,-4.483444
1996|M|economics|William Vickrey|21-Jun-14|Victoria BC|Canada|Victoria BC, Canada|48.4284207,-123.3656444
1996|F|literature|Wislawa Szymborska|2-Jul-23|Bnin|Poland|Kórnik, Poland|52.2467738,17.0901297
1996|M|medicine|Peter C. Doherty|15-Oct-40|Brisbane|Australia|Brisbane, Australia|-27.4697707,153.0251235
1996|M|medicine|Rolf M. Zinkernagel|6-Jan-44|Basel|Switzerland|Basel, Switzerland|-27.4697707,153.0251235
1996|M|peace|Carlos Filipe Ximenes Belo|3-Feb-48|Wailacama|East Timor|Wailacama, East Timor|NOK[ZERO_RESULTS]
1996|M|peace|José Ramos-Horta|26-Dec-49|Dili|East Timor|Dili, East Timor|-8.5568557,125.5603143
1996|M|physics|David M. Lee|20-Jan-31|Rye NY|USA|Rye NY, USA|40.9806535,-73.6837399
1996|M|physics|Douglas D. Osheroff|1-Aug-45|Aberdeen WA|USA|Aberdeen WA, USA|46.9753708,-123.8157218
1996|M|physics|Robert C. Richardson|26-Jul-37|Washington DC|USA|Washington DC, USA|46.9753708,-123.8157218
1997|M|chemistry|Jens C. Skou|8-Oct-18|Lemvig|Denmark|Lemvig, Denmark|56.5443443,8.3024871
1997|M|chemistry|John E. Walker|7-Jan-41|Halifax|United Kingdom|Halifax, United Kingdom|53.72702,-1.85754
1997|M|chemistry|Paul D. Boyer|31-Jul-18|Provo UT|USA|Provo UT, USA|40.2338438,-111.6585337
1997|M|economics|Myron S. Scholes|1-Jul-41|Timmins ON|Canada|Timmins ON, Canada|48.4758208,-81.3304953
1997|M|economics|Robert C. Merton|31-Jul-49|New York NY|USA|New York NY, USA|48.4758208,-81.3304953
1997|M|literature|Dario Fo|2026/03/24|Leggiuno-Sangiano|Italy|Leggiuno-Sangiano, Italy|45.8747686,8.6207601
1997|M|medicine|Stanley B. Prusiner|28-May-42|Des Moines IA|USA|Des Moines IA, USA|41.6005448,-93.6091064
1997|NA|peace|International Campaign to Ban Landmines (ICBL)||||, |NOK[ZERO_RESULTS]
1997|F|peace|Jody Williams|9-Oct-50|Putney VT|USA|Putney VT, USA|42.975268,-72.5217237
1997|M|physics|Claude Cohen-Tannoudji|1-Apr-33|Constantine|Algeria|Constantine, Algeria|36.360155,6.642433
1997|M|physics|Steven Chu|28-Feb-48|St. Louis MO|USA|St. Louis MO, USA|36.360155,6.642433
1997|M|physics|William D. Phillips|5-Nov-48|Wilkes-Barre PA|USA|Wilkes-Barre PA, USA|36.360155,6.642433
1998|M|chemistry|John A. Pople|31-Oct-25|Burnham-on-Sea|United Kingdom|Burnham-on-Sea, United Kingdom|51.240139,-2.993858
1998|M|chemistry|Walter Kohn|2023/03/09|Vienna|Austria|Vienna, Austria|51.240139,-2.993858
1998|M|economics|Amartya Sen|3-Nov-33|Santiniketan|India|Santiniketan, India|23.6776471,87.6852323
1998|M|literature|José Saramago|16-Nov-22|Azinhaga|Portugal|Azinhaga, Portugal|39.3692437,-8.539144
1998|M|medicine|Ferid Murad|14-Sep-36|Whiting IN|USA|Whiting IN, USA|41.6797578,-87.4944873
1998|M|medicine|Louis J. Ignarro|31-May-41|Brooklyn NY|USA|Brooklyn NY, USA|41.6797578,-87.4944873
1998|M|medicine|Robert F. Furchgott|4-Jun-16|Charleston SC|USA|Charleston SC, USA|32.7764749,-79.9310512
1998|M|peace|David Trimble|15-Oct-44|Belfast|Northern Ireland|Belfast, Northern Ireland|32.7764749,-79.9310512
1998|M|peace|John Hume|18-Jan-37|Londonderry|Northern Ireland|Londonderry, Northern Ireland|54.9966124,-7.3085748
1998|M|physics|Daniel C. Tsui|28-Feb-39|Henan|China|Henan, China|34.2904302,113.3823545
1998|M|physics|Horst L. Störmer|6-Apr-49|Frankfurt-on-the-Main|West Germany|Frankfurt-on-the-Main, West Germany|34.2904302,113.3823545
1998|M|physics|Robert B. Laughlin|1-Nov-50|Visalia CA|USA|Visalia CA, USA|36.3302284,-119.2920585
1999|M|chemistry|Ahmed H. Zewail|26-Feb-46|Damanhur|Egypt|Damanhur, Egypt|31.0424566,30.4727503
1999|M|economics|Robert A. Mundell|24-Oct-32|Kingston ON|Canada|Kingston ON, Canada|44.2311717,-76.4859544
1999|M|literature|Günter Grass|16-Oct-27|Danzig|Free City of Danzig|Gdansk, Poland|54.3520252,18.6466384
1999|M|medicine|Günter Blobel|21-May-36|Waltersdorf|Germany|Niegoslawice, Poland|51.5875867,15.7131691
1999|NA|peace|Médecins Sans Frontičres|1971 in Paris||France|, France|46.227638,2.213749
1999|M|physics|Gerardus 't Hooft|5-Jul-46|Den Helder|the Netherlands|Den Helder, the Netherlands|52.9562808,4.7607971
1999|M|physics|Martinus J.G. Veltman|27-Jun-31|Waalwijk|the Netherlands|Waalwijk, the Netherlands|51.6878954,5.0574822
2000|M|chemistry|Alan G. MacDiarmid|14-Apr-27|Masterton|New Zealand|Masterton, New Zealand|-40.9511118,175.6573502
2000|M|chemistry|Alan J. Heeger|22-Jan-36|Sioux City IA|USA|Sioux City IA, USA|42.4999942,-96.4003069
2000|M|chemistry|Hideki Shirakawa|20-Aug-36|Tokyo|Japan|Tokyo, Japan|42.4999942,-96.4003069
2000|M|economics|Daniel L. McFadden|29-Jul-37|Raleigh NC|USA|Raleigh NC, USA|35.7795897,-78.6381787
2000|M|economics|James J. Heckman|19-Apr-44|Chicago IL|USA|Chicago IL, USA|35.7795897,-78.6381787
2000|M|literature|Gao Xingjian|4-Jan-40|Ganzhou|China|Ganzhou, China|25.830694,114.933546
2000|M|medicine|Arvid Carlsson|25-Jan-23|Uppsala|Sweden|Uppsala, Sweden|25.830694,114.933546
2000|M|medicine|Eric R. Kandel|7-Nov-29|Vienna|Austria|Vienna, Austria|25.830694,114.933546
2000|M|medicine|Paul Greengard|11-Dec-25|New York NY|USA|New York NY, USA|25.830694,114.933546
2000|M|peace|Kim Dae-jung|3-Dec-25|Mokpo|Korea|Mokpo, South Korea|34.8118351,126.3921664
2000|M|physics|Herbert Kroemer|25-Aug-28|Weimar|Germany|Weimar, Germany|50.9794934,11.3235439
2000|M|physics|Jack S. Kilby|8-Nov-23|Jefferson City MO|USA|Jefferson City MO, USA|38.5767017,-92.1735164
2000|M|physics|Zhores I. Alferov|1930/03/15|Vitebsk Belorussia|USSR|Vitebsk, Belarus|55.1848061,30.201622
2001|M|chemistry|K. Barry Sharpless|28-Apr-41|Philadelphia PA|USA|Philadelphia PA, USA|55.1848061,30.201622
2001|M|chemistry|Ryoji Noyori|3-Sep-38|Kobe|Japan|Kobe, Japan|34.690083,135.1955112
2001|M|chemistry|William S. Knowles|1-Jun-17|Taunton MA|USA|Taunton MA, USA|41.900101,-71.0897674
2001|M|economics|A. Michael Spence|0 1943|Montclair NJ|USA|Montclair NJ, USA|41.900101,-71.0897674
2001|M|economics|George A. Akerlof|17-Jun-40|New Haven CT|USA|New Haven CT, USA|41.900101,-71.0897674
2001|M|economics|Joseph E. Stiglitz|9-Feb-43|Gary IN|USA|Gary IN, USA|41.900101,-71.0897674
2001|M|literature|Sir Vidiadhar Surajprasad Naipaul|17-Aug-32|Chaguanas|Trinidad|Chaguanas, Trinidad|10.5331201,-61.3968598
2001|M|medicine|Leland H. Hartwell|30-Oct-39|Los Angeles CA|USA|Los Angeles CA, USA|10.5331201,-61.3968598
2001|M|medicine|Sir Paul M. Nurse|25-Jan-49|Norwich|United Kingdom|Norwich, United Kingdom|52.6308859,1.297355
2001|M|medicine|Tim Hunt|19-Feb-43|Neston|United Kingdom|Neston, United Kingdom|53.290584,-3.069102
2001|M|peace|Kofi Annan|8-Apr-38|Kumasi|Gold Coast|Kumasi, Ghana|6.6666004,-1.6162709
2001|NA|peace|United Nations (U.N.)|1945 in New York|NY|USA|NY, USA|6.6666004,-1.6162709
2001|M|physics|Carl E. Wieman|1951/03/26|Corvallis OR|USA|Corvallis OR, USA|44.5645659,-123.2620435
2001|M|physics|Eric A. Cornell|19-Dec-61|Palo Alto CF|USA|Palo Alto CF, USA|37.4418834,-122.1430195
2001|M|physics|Wolfgang Ketterle|21-Oct-57|Heidelberg|West Germany|Heidelberg, West Germany|49.3987524,8.6724335
2002|M|chemistry|John B. Fenn|15-Jun-17|New York NY|USA|New York NY, USA|49.3987524,8.6724335
2002|M|chemistry|Koichi Tanaka|3-Aug-59|Toyama City|Japan|Toyama City, Japan|36.6959518,137.2136768
2002|M|chemistry|Kurt Wüthrich|4-Oct-38|Aarberg|Switzerland|Aarberg, Switzerland|47.0420553,7.2751012
2002|M|economics|Daniel Kahneman|1934/03/05|Tel Aviv|British Mandate of Palestine|Tel Aviv, Israel|32.0852999,34.7817676
2002|M|economics|Vernon L. Smith|1-Jan-27|Wichita KS|USA|Wichita KS, USA|37.6871761,-97.330053
2002|M|literature|Imre Kertész|9-Nov-29|Budapest|Hungary|Budapest, Hungary|37.6871761,-97.330053
2002|M|medicine|H. Robert Horvitz|8-May-47|Chicago IL|USA|Chicago IL, USA|37.6871761,-97.330053
2002|M|medicine|John E. Sulston|1942/03/27|Cambridge|United Kingdom|Cambridge, United Kingdom|37.6871761,-97.330053
2002|M|medicine|Sydney Brenner|13-Jan-27|Germiston|South Africa|Germiston, South Africa|-26.2258734,28.1707794
2002|M|peace|Jimmy Carter|1-Oct-24|Plains GA|USA|Plains GA, USA|32.0340508,-84.3926912
2002|M|physics|Masatoshi Koshiba|19-Sep-26|Toyohashi|Japan|Toyohashi, Japan|34.7691995,137.3914662
2002|M|physics|Raymond Davis Jr.|14-Oct-14|Washington DC|USA|Washington DC, USA|34.7691995,137.3914662
2002|M|physics|Riccardo Giacconi|6-Oct-31|Genoa|Italy|Genoa, Italy|34.7691995,137.3914662
2003|M|chemistry|Peter Agre|30-Jan-49|Northfield MN|USA|Northfield MN, USA|44.4582983,-93.161604
2003|M|chemistry|Roderick MacKinnon|19-Feb-56|Burlington MA|USA|Burlington MA, USA|42.5047161,-71.1956205
2003|M|economics|Clive W.J. Granger|4-Sep-34|Swansea|United Kingdom|Swansea, United Kingdom|51.62144,-3.943646
2003|M|economics|Robert F. Engle III|10-Nov-42|Syracuse NY|USA|Syracuse NY, USA|43.0481221,-76.1474244
2003|M|literature|John M. Coetzee|9-Feb-40|Cape Town|South Africa|Cape Town, South Africa|-33.9248685,18.4240553
2003|M|medicine|Paul C. Lauterbur|6-May-29|Sidney OH|USA|Sidney OH, USA|40.2842164,-84.1554987
2003|M|medicine|Sir Peter Mansfield|9-Oct-33|London|United Kingdom|London, United Kingdom|40.2842164,-84.1554987
2003|F|peace|Shirin Ebadi|21-Jun-47|Hamadan|Iran|Hamadan, Iran|34.7988575,48.5150225
2003|M|physics|Alexei A. Abrikosov|25-Jun-28|Moscow|USSR|Moscow, Russia|34.7988575,48.5150225
2003|M|physics|Anthony J. Leggett|1938/03/26|London|United Kingdom|London, United Kingdom|34.7988575,48.5150225
2003|M|physics|Vitaly L. Ginzburg|4-Oct-16|Moscow|Russia|Moscow, Russia|34.7988575,48.5150225
2004|M|chemistry|Aaron Ciechanover|1-Oct-47|Haifa|British Protectorate of Palestine|Haifa, Israel|32.7940463,34.989571
2004|M|chemistry|Avram Hershko|31-Dec-37|Karcag|Hungary|Karcag, Hungary|47.3148629,20.9196518
2004|M|chemistry|Irwin Rose|16-Jul-26|Brooklyn NY|USA|Brooklyn NY, USA|47.3148629,20.9196518
2004|M|economics|Edward C. Prescott|26-Dec-40|Glens Falls NY|USA|Glens Falls NY, USA|43.3095164,-73.6440058
2004|M|economics|Finn E. Kydland|1-Dec-43|Gjesdal|Norway|Gjesdal, Norway|58.8353384,6.3127272
2004|F|literature|Elfriede Jelinek|20-Oct-46|Mürzzuschlag|Austria|Mürzzuschlag, Austria|47.60687,15.67171
2004|F|medicine|Linda B. Buck|29-Jan-47|Seattle WA|USA|Seattle WA, USA|47.6062095,-122.3320708
2004|M|medicine|Richard Axel|2-Jul-46|New York NY|USA|New York NY, USA|47.6062095,-122.3320708
2004|F|peace|Wangari Muta Maathai|1-Apr-40|Nyeri|Kenya|Nyeri, Kenya|-0.437099,36.9580104
2004|M|physics|David J. Gross|19-Feb-41|Washington DC|USA|Washington DC, USA|-0.437099,36.9580104
2004|M|physics|Frank Wilczek|15-May-51|New York NY|USA|New York NY, USA|-0.437099,36.9580104
2004|M|physics|H. David Politzer|31-Aug-49|New York NY|USA|New York NY, USA|-0.437099,36.9580104
2005|M|chemistry|Richard R. Schrock|4-Jan-45|Berne IN|USA|Berne IN, USA|40.6578242,-84.9519115
2005|M|chemistry|Robert H. Grubbs|27-Feb-42|Possum Trot KY|USA|Possum Trot KY, USA|37.0056129,-88.4305964
2005|M|chemistry|Yves Chauvin|10-Oct-30|Menin|France|Menin, France|50.8519937,2.8911326
2005|M|economics|Robert J. Aumann|8-Jun-30|Frankfurt-on-the-Main|Germany|Frankfurt-on-the-Main, Germany|50.8519937,2.8911326
2005|M|economics|Thomas C. Schelling|14-Apr-21|Oakland CA|USA|Oakland CA, USA|37.8043637,-122.2711137
2005|M|literature|Harold Pinter|10-Oct-30|London|United Kingdom|London, United Kingdom|37.8043637,-122.2711137
2005|M|medicine|Barry J. Marshall|30-Sep-51|Kalgoorlie|Australia|Kalgoorlie, Australia|-30.749,121.466
2005|M|medicine|J. Robin Warren|11-Jun-37|Adelaide|Australia|Adelaide, Australia|-30.749,121.466
2005|NA|peace|International Atomic Energy Agency (IAEA)|1957 in Vienna||Austria|, Austria|47.516231,14.550072
2005|M|peace|Mohamed ElBaradei|17-Jun-42|Cairo|Egypt|Cairo, Egypt|47.516231,14.550072
2005|M|physics|John L. Hall|21-Aug-34|Denver CO|USA|Denver CO, USA|39.7392358,-104.990251
2005|M|physics|Roy J. Glauber|1-Sep-25|New York NY|USA|New York NY, USA|39.7392358,-104.990251
2005|M|physics|Theodor W. Hänsch|30-Oct-41|Heidelberg|Germany|Heidelberg, Germany|39.7392358,-104.990251
2006|M|chemistry|Roger D. Kornberg|24-Apr-47|St. Louis MO|USA|St. Louis MO, USA|39.7392358,-104.990251
2006|M|economics|Edmund S. Phelps|26-Jul-33|Evanston IL|USA|Evanston IL, USA|42.0450722,-87.6876969
2006|M|literature|Orhan Pamuk|7-Jun-52|Istanbul|Turkey|Istanbul, Turkey|41.0082376,28.9783589
2006|M|medicine|Andrew Z. Fire|27-Apr-59|Stanford CA|USA|Stanford CA, USA|37.424106,-122.1660756
2006|M|medicine|Craig C. Mello|19-Oct-60|New Haven CT|USA|New Haven CT, USA|37.424106,-122.1660756
2006|NA|peace|Grameen Bank|1976 in Dhaka||Bangladesh|, Bangladesh|23.684994,90.356331
2006|M|peace|Muhammad Yunus|28-Jun-40|Chittagong|British India|Chittagong, Bangladesh|22.356851,91.7831819
2006|M|physics|George F. Smoot|20-Feb-45|Yukon FL|USA|Yukon FL, USA|30.2346543,-81.6979968
2006|M|physics|John C. Mather|7-Aug-46|Roanoke VA|USA|Roanoke VA, USA|37.2709704,-79.9414266
2007|M|chemistry|Gerhard Ertl|10-Oct-36|Bad Cannstatt|Germany|Bad Cannstatt, Germany|48.8084576,9.2250355
2007|M|economics|Eric S. Maskin|12-Dec-50|New York NY|USA|New York NY, USA|48.8084576,9.2250355
2007|M|economics|Leonid Hurwicz|21-Aug-17|Moscow|Russia|Moscow, Russia|48.8084576,9.2250355
2007|M|economics|Roger B. Myerson|1951/03/29|Boston MA|USA|Boston MA, USA|48.8084576,9.2250355
2007|F|literature|Doris Lessing|22-Oct-19|Kermanshah|Persia|Kermanshah, Iran|34.3276924,47.0777685
2007|M|medicine|Mario R. Capecchi|6-Oct-37|Verona|Italy|Verona, Italy|45.4383842,10.9916215
2007|M|medicine|Oliver Smithies|23-Jun-25|Halifax|United Kingdom|Halifax, United Kingdom|45.4383842,10.9916215
2007|M|medicine|Sir Martin J. Evans|1-Jan-41|Stroud|United Kingdom|Stroud, United Kingdom|51.745734,-2.217758
2007|M|peace|Albert Arnold (Al) Gore Jr.|1948/03/31|Washington DC|USA|Washington DC, USA|51.745734,-2.217758
2007|NA|peace|Intergovernmental Panel on Climate Change (IPCC)|1988 in New York|NY|USA|NY, USA|51.745734,-2.217758
2007|M|physics|Albert Fert|1938/03/07|Carcassonne|France|Carcassonne, France|51.745734,-2.217758
2007|M|physics|Peter Grünberg|18-May-39|Plzen|Czechoslovakia|Plzen, Czech Republic|49.7384314,13.3736371
2008|M|chemistry|Martin Chalfie|1947|Chicago IL|USA|Chicago IL, USA|49.7384314,13.3736371
2008|M|chemistry|Osamu Shimomura|1928|Kyoto|Japan|Kyoto, Japan|49.7384314,13.3736371
2008|M|chemistry|Roger Y. Tsien|1-Feb-52|New York NY|USA|New York NY, USA|49.7384314,13.3736371
2008|M|economics|Paul Krugman|28-Feb-53|New York NY|USA|New York NY, USA|49.7384314,13.3736371
2008|M|literature|Jean-Marie Gustave Le Clézio|13-Apr-40|Nice|France|Nice, France|43.7101728,7.2619532
2008|F|medicine|Françoise Barré-Sinoussi|30-Jul-47|Paris|France|Paris, France|43.7101728,7.2619532
2008|M|medicine|Harald zur Hausen|1936/03/11|Gelsenkirchen|Germany|Gelsenkirchen, Germany|51.517744,7.0857172
2008|M|medicine|Luc Montagnier|18-Aug-32|Chabris|France|Chabris, France|47.25447,1.654295
2008|M|peace|Martti Ahtisaari|23-Jun-37|Viipuri|Finland|Vyborg, Russia|60.7139529,28.7571571
2008|M|physics|Makoto Kobayashi|7-Apr-44|Nagoya|Japan|Nagoya, Japan|60.7139529,28.7571571
2008|M|physics|Toshihide Maskawa|1940|Nagoya|Japan|Nagoya, Japan|60.7139529,28.7571571
2008|M|physics|Yoichiro Nambu|18-Jan-21|Tokyo|Japan|Tokyo, Japan|60.7139529,28.7571571
2009|F|chemistry|Ada E. Yonath|22-Jun-39|Jerusalem|Israel|Jerusalem, Israel|60.7139529,28.7571571
2009|M|chemistry|Thomas A. Steitz|23-Aug-40|Milwaukee WI|USA|Milwaukee WI, USA|60.7139529,28.7571571
2009|M|chemistry|Venkatraman Ramakrishnan|1952|Chidambaram Tamil Nadu|India|Chidambaram Tamil Nadu, India|11.3981936,79.6953594
2009|F|economics|Elinor Ostrom|7-Aug-33|New York NY|USA|New York NY, USA|11.3981936,79.6953594
2009|M|economics|Oliver E. Williamson|27-Sep-32|Superior WI|USA|Superior WI, USA|46.7207737,-92.1040796
2009|F|literature|Herta Müller|17-Aug-53|Nitzkydorf Banat|Romania|Nitzkydorf Banat, Romania|45.578502,21.5359018
2009|M|medicine|Carol W. Greider|15-Apr-61|San Diego CA|USA|San Diego CA, USA|32.715738,-117.1610838
2009|F|medicine|Elizabeth H. Blackburn|26-Nov-48|Hobart Tasmania|Australia|Hobart Tasmania, Australia|-42.8821377,147.3271949
2009|M|medicine|Jack W. Szostak|9-Nov-52|London|United Kingdom|London, United Kingdom|-42.8821377,147.3271949
2009|M|peace|Barack H. Obama|4-Aug-61|Honolulu HI|USA|Honolulu HI, USA|21.3069444,-157.8583333
2009|M|physics|Charles K. Kao|4-Nov-33|Shanghai|China|Shanghai, China|21.3069444,-157.8583333
2009|M|physics|George E. Smith|10-May-30|White Plains NY|USA|White Plains NY, USA|41.0339862,-73.7629097
2009|M|physics|Willard S. Boyle|19-Aug-24|Amherst NS|Canada|Amherst NS, Canada|45.816667,-64.2167206
2010|M|chemistry|Akira Suzuki|1930|Mukawa|Japan|Mukawa, Japan|42.5748066,141.9267504
2010|M|chemistry|Ei-ichi Negishi|1935|Changchun|China|Changchun, China|43.817071,125.323544
2010|M|chemistry|Richard F. Heck|1931|Springfield MA|USA|Springfield MA, USA|42.1014831,-72.589811
2010|M|economics|Christopher A. Pissarides|1948|Nicosia|Cyprys|Nicosia, Cyprys|35.1855659,33.3822764
2010|M|economics|Dale T. Mortensen|1939|Enterprise OR|USA|Enterprise OR, USA|45.4262617,-117.2787816
2010|M|economics|Peter A. Diamond|1940|New York NY|USA|New York NY, USA|45.4262617,-117.2787816
2010|M|literature|Mario Vargas Llosa|1936/03/28|Arequipa|Peru|Arequipa, Peru|-16.4090474,-71.537451
2010|M|medicine|Robert G. Edwards|1925|Batley|United Kingdom|Batley, United Kingdom|53.717028,-1.635083
2010|M|peace|Liu Xiaobo|1955|Changchun|China|Changchun, China|53.717028,-1.635083
2010|M|physics|Andre Geim|1958|Sochi|Russia|Sochi, Russia|43.6028079,39.7341543
2010|M|physics|Konstantin Novoselov|1974|Nizhny Tagil|Russia|Nizhny Tagil, Russia|57.9214912,59.9816185
2011|M|chemistry|Dan Shechtman|1941|TelAviv|Israel|TelAviv, Israel|32.0852999,34.7817676
2011|M|economics|Thomas J. Sargent|1943|Pasadena|USA|Pasadena, USA|34.1477849,-118.1445155
2011|M|economics|Christopher A. Sims|1942|Washington DC|USA|Washington DC, USA|34.1477849,-118.1445155
2011|M|literature|Tomas Tranströmer|1931|Stockholm|Sweden|Stockholm, Sweden|34.1477849,-118.1445155
2011|M|medicine|Bruce A. Beutler|1957|Chicago IL|USA|Chicago IL, USA|34.1477849,-118.1445155
2011|M|medicine|Ralph M. Steinman|1943|Montreal|Canada|Montreal, Canada|34.1477849,-118.1445155
2011|M|medicine|Jules A. Hoffmann|1941|Echternach|Luxembourg|Echternach, Luxembourg|49.8114133,6.4175635
2011|F|peace|Tawakkol Karman|1979|Ta'izz|Yemen|Ta'izz, Yemen|13.5775886,44.0177989
2011|F|peace|Leymah Gbowee|1972|Monrovia|Liberia|Monrovia, Liberia|6.2907432,-10.7605239
2011|F|peace|Ellen Johnson-Sirleaf|1938|Monrovia|Liberia|Monrovia, Liberia|6.2907432,-10.7605239
2011|M|physics|Adam G. Riess|1969|Washington DC|USA|Washington DC, USA|6.2907432,-10.7605239
2011|M|physics|Brian P. Schmidt|1967|Missoula MT|USA|Missoula MT, USA|46.8721284,-113.9940314
2011|M|physics|Saul Perlmutter|1959|Champaign-Urbana IL|USA|Champaign-Urbana IL, USA|40.1105875,-88.2072697
2012|M|chemistry|Brian K. Kobilka|1955|Little Falls MN|USA|Little Falls MN, USA|45.9805556,-94.3694444
2012|M|chemistry|Robert J. Lefkowitz|1943|New York NY|USA|New York NY, USA|45.9805556,-94.3694444
2012|M|economics|Alvin E. Roth|1951|New York NY|USA|New York NY, USA|45.9805556,-94.3694444
2012|M|economics|Lloyd S. Shapley|1923|Tucson AZ|USA|Tucson AZ, USA|32.2226066,-110.9747108
2012|M|literature|Mo Yan|1955|Gaomi|China|Gaomi, China|36.377539,119.757032
2012|M|medicine|Shinya Yamanaka|1962|Higashiōsaka|Japan|Higashiōsaka, Japan|34.6793301,135.6010123
2012|M|medicine|Sir John B. Gurdon|1933|Dippenhall|United Kingdom|Dippenhall, United Kingdom|51.215166,-0.831976
2012|M|physics|David J. Wineland|1944|Milwaukee WI|USA|Milwaukee WI, USA|51.215166,-0.831976
2012|M|physics|Serge Haroche|1944|Casablanca|Morocco|Casablanca, Morocco|33.5731104,-7.5898434
2013|M|chemistry|Michael Levitt|1947|Pretoria|South Africa|Pretoria, South Africa|33.5731104,-7.5898434
2013|M|chemistry|Arieh Warshel|1940|Kibuc Sde Nahum|Israel|Kibuc Sde Nahum, Israel|32.525068,35.480855
2013|M|chemistry|Martin Karplus|1930|Wien|Austria|Wien, Austria|48.2081743,16.3738189
2013|M|economics|Lars Peter Hansen|1952|Urbana IL|USA|Urbana IL, USA|48.2081743,16.3738189
2013|M|economics|Robert J. Shiller|1946|Detroit MI|USA|Detroit MI, USA|48.2081743,16.3738189
2013|M|economics|Eugene F. Fama|1939|Boston MA|USA|Boston MA, USA|48.2081743,16.3738189
2013|F|literature|Alice Munro|1931|Wingham Ontario|Canada|Wingham Ontario, Canada|43.8879476,-81.3116601
2013|M|medicine|Thomas C. Südhof|1955|Göttingen|Germany|Göttingen, Germany|51.5412804,9.9158035
2013|M|medicine|James E. Rothman|1950|Haverhill MA|USA|Haverhill MA, USA|42.7762015,-71.0772796
2013|M|medicine|Randy W. Schekman|1948|Saint Paul MN|USA|Saint Paul MN, USA|44.9537029,-93.0899578
2013|M|physics|François Englert|1932|Etterbeek|Belgium|Etterbeek, Belgium|50.832578,4.3889939
2013|M|physics|Peter Higgs|1929|Newcastle upon Tyne|United Kingdom|Newcastle upon Tyne, United Kingdom|54.978252,-1.61778
2014|M|physics|Isamu Akasaki|1929|Chiran|Japan|Chiran, Japan|31.377265,130.4400729
2014|M|physics|Hiroshi Amano|1960|Hamamatsu|Japan|Hamamatsu, Japan|34.7108344,137.7261258
2014|M|physics|Shuji Nakamura|1954|Ikata|Japan|Ikata, Japan|33.4885738,132.354012
2014|M|chemistry|Eric Betzig|1960|Ann Arbor MI|USA|Ann Arbor MI, USA|33.4885738,132.354012
2014|M|chemistry|Stefan W. Hell|1962|Arad|Romania|Arad, Romania|46.1865606,21.3122677
2014|M|chemistry|William E. Moerner|1953|Pleasanton CA|USA|Pleasanton CA, USA|37.6624312,-121.8746789
2014|M|medicine|John O'Keefe|1939|Nowy Jork NY|USA|Nowy Jork NY, USA|40.7127753,-74.0059728
2014|F|medicine|May-Britt Moser|1963|Fosnavåg|Norway|Fosnavåg, Norway|62.3413767,5.6310689
2014|M|medicine|Edvard I. Moser|1962|Ålesund|Norway|Ålesund, Norway|62.4722284,6.1494821
2014|M|literature|Patrick Modiano|1945|Boulogne-Billancourt|France|Boulogne-Billancourt, France|48.8396952,2.2399123
2014|M|peace|Kailash Satyarthi|1954|Vidisa|India|Vidisa, India|23.5251102,77.8081363
2014|M|peace|Malala Yousafzai|1997|Mingora|Pakistan|Mingora, Pakistan|34.7717466,72.3601512
2014|M|economics|Jean Tirole|1953|Troyes|France|Troyes, France|48.2973451,4.0744009
2015|M|physics|Takaaki Kajita|1959|Higashimatsuyama|Japan|Higashimatsuyama, Japan|36.0421262,139.3999588
2015|M|physics|Arthur B. McDonald|1943|North Sydney Nova Scotia|Canada|North Sydney Nova Scotia, Canada|46.2064806,-60.2523805
2015|M|chemistry|Tomas Lindahl|1938|Stockholm|Sweden|Stockholm, Sweden|46.2064806,-60.2523805
2015|M|chemistry|Paul Modrich|1946|Raton NM|USA|Raton NM, USA|36.9033581,-104.4391532
2015|M|chemistry|Aziz Sancar|1946|Savur|Turkey|Savur, Turkey|37.5484936,40.913211
2015|M|medicine|William C. Campbell|1930|Ramelton|Irland|Ramelton, Irland|55.0359,-7.64809
2015|M|medicine|Satoshi Ōmura|1935|Nirasaki|Japan|Nirasaki, Japan|35.708897,138.4461267
2015|F|literature|Svetlana Alexievich|1948|Iwano-Frankiwsk|Ukraine|Iwano-Frankiwsk, Ukraine|48.922633,24.711117
2015|NA|peace|NA||||, |48.922633,24.711117
2015|M|economics|Angus Deaton|1945|Edinburgh|United Kingdom|Edinburgh, United Kingdom|55.953252,-3.188267
2016|M|physics|David J. Thouless|1934|Bearsden|United Kingdom|Bearsden, United Kingdom|55.92169,-4.335525
2016|M|physics|F. Duncan M. Haldane|1951|London|United Kingdom|London, United Kingdom|55.92169,-4.335525
2016|M|physics|J. Michael Kosterlitz|1943|Aberdeen|United Kingdom|Aberdeen, United Kingdom|57.149717,-2.094278
2016|M|chemistry|Jean-Pierre Sauvage|1944|Paris|France|Paris, France|57.149717,-2.094278
2016|M|chemistry|Sir J. Fraser Stoddart|1942|Edinburgh|United Kingdom|Edinburgh, United Kingdom|57.149717,-2.094278
2016|M|chemistry|Bernard L. Feringa|1951|Barger-Compascuum|the Netherlands|Barger-Compascuum, the Netherlands|52.7548724,7.0416603
2016|M|medicine|Yoshinori Ohsumi|1945|Fukuoka|Japan|Fukuoka, Japan|33.5903547,130.4017155
2016|M|literature|Bob Dylan|1941|Duluth MN|USA|Duluth MN, USA|46.7866719,-92.1004852
2016|M|peace|Juan Manuel Santos|1951|Bogota|Kolumbia|Bogota, Kolumbia|4.7109886,-74.072092
2016|M|economics|Bengt Holmström|1949|Helsinki|Finland|Helsinki, Finland|4.7109886,-74.072092
2016|M|economics|Oliver Hart|1948|Londyn|United Kingdom|Londyn, United Kingdom|51.5073509,-0.1277583
2017|M|physics|Rainer Weiss|1932|Berlin|Germany|Berlin, Germany|51.5073509,-0.1277583
2017|M|physics|Barry C. Barish|1936|Omaha NE|USA|Omaha NE, USA|51.5073509,-0.1277583
2017|M|physics|Kip S. Thorne|1940|Logan UT|USA|Logan UT, USA|41.7369803,-111.8338359
2017|M|chemistry|Jacques Dubochet|1942|Aigle|Switzerland|Aigle, Switzerland|46.3190253,6.970566
2017|M|chemistry|Joachim Frank|1940|Siegen|Germany|Siegen, Germany|50.8838492,8.0209591
2017|M|chemistry|Richard Henderson|1945|Edinburgh|United Kingdom|Edinburgh, United Kingdom|50.8838492,8.0209591
2017|M|medicine|Jeffrey C. Hall|1945|Nowy Jork NY|USA|Nowy Jork NY, USA|50.8838492,8.0209591
2017|M|medicine|Michael Rosbash|1944|Kansas City MO|USA|Kansas City MO, USA|39.0997265,-94.5785667
2017|M|medicine|Michael W. Young|1949|Miami FL|USA|Miami FL, USA|25.7616798,-80.1917902
2017|M|literature|Kazuo Ishiguro|1954|Nagasaki|Japan|Nagasaki, Japan|32.7502856,129.877667
